musteri_id,yas,kullanim_suresi_ay,sozlesme_tipi,internet_hizi_mbps,ek_paket_sayisi,aylik_ucret,teknik_destek_cagrisi,fatura_gecikme_sayisi,memnuniyet_puani,musteri_no_son_hane,ayrildi_mi
10001,48,12,Aylik,25,2,215.0,0,1,9,6,0
10002,40,18,Aylik,100,2,465.0,0,1,9,9,0
10003,50,3,Yillik,50,3,364.0,0,0,6,0,0
10004,62,24,Iki Yillik,50,1,247.0,1,0,7,5,0
10005,39,32,Yillik,25,2,224.0,1,1,6,0,0
10006,39,38,Yillik,50,2,282.0,0,1,7,3,0
10007,63,5,Aylik,50,1,310.0,0,0,7,6,0
10008,52,11,Iki Yillik,25,2,266.0,0,1,9,1,0
10009,36,36,Aylik,16,1,194.0,1,3,9,2,0
10010,49,18,Yillik,200,2,585.0,1,2,3,3,0
10011,36,32,Aylik,50,1,283.0,0,1,7,5,0
10012,36,7,Iki Yillik,50,1,272.0,0,3,10,8,0
10013,45,49,Yillik,25,1,223.0,1,0,6,3,0
10014,18,6,Yillik,25,0,235.0,1,1,9,5,0
10015,20,23,Aylik,25,1,286.0,0,1,6,6,0
10016,35,24,Aylik,25,5,356.0,3,1,7,3,0
10017,29,14,Yillik,50,3,381.0,1,1,5,5,1
10018,46,29,Yillik,50,4,388.0,1,1,5,2,0
10019,30,29,Aylik,50,1,271.0,1,0,8,4,1
10020,24,27,Iki Yillik,16,1,226.0,3,1,9,9,0
10021,61,14,Iki Yillik,50,2,318.0,1,0,7,3,0
10022,39,12,Aylik,16,0,178.0,2,0,5,6,1
10023,43,15,Iki Yillik,16,1,239.0,0,1,7,5,0
10024,23,10,Aylik,200,0,530.0,2,0,9,6,0
10025,35,42,Aylik,50,2,302.0,0,1,10,5,0
10026,43,16,Aylik,50,1,258.0,2,4,6,1,1
10027,27,23,Yillik,25,1,182.0,2,0,4,6,0
10028,47,36,Yillik,100,4,480.0,2,1,9,7,1
10029,34,10,Aylik,50,0,304.0,0,0,6,6,0
10030,38,6,Yillik,100,1,347.0,1,0,9,3,0
10031,34,11,Yillik,25,2,236.0,2,0,8,3,0
10032,66,25,Yillik,200,1,576.0,0,1,5,4,0
10033,42,24,Aylik,100,2,416.0,2,0,7,8,1
10034,28,27,Iki Yillik,100,1,368.0,2,1,9,4,0
10035,53,19,Aylik,16,3,355.0,0,1,7,1,0
10036,26,1,Aylik,25,3,342.0,1,1,5,4,1
10037,45,19,Aylik,25,2,259.0,1,0,4,2,1
10038,18,39,Aylik,25,0,173.0,2,0,6,9,1
10039,25,45,Iki Yillik,100,1,357.0,2,1,6,7,0
10040,45,22,Aylik,16,1,246.0,0,1,9,9,0
10041,52,24,Yillik,16,2,250.0,2,0,5,9,1
10042,44,31,Aylik,25,0,150.0,0,0,10,1,1
10043,40,44,Aylik,16,1,214.0,0,0,4,3,0
10044,38,21,Iki Yillik,25,1,179.0,1,0,10,4,0
10045,23,31,Yillik,100,2,496.0,0,2,10,3,0
10046,33,13,Aylik,50,2,291.0,2,2,7,4,0
10047,36,7,Aylik,16,3,300.0,1,2,4,9,0
10048,56,14,Aylik,25,1,242.0,2,0,7,3,0
10049,46,51,Aylik,25,2,267.0,0,2,6,2,0
10050,19,31,Yillik,16,1,205.0,1,1,5,0,0
10051,46,8,Yillik,50,1,295.0,1,0,8,3,0
10052,37,32,Aylik,50,3,423.0,2,0,5,8,0
10053,33,8,Iki Yillik,50,1,307.0,4,0,6,0,0
10054,50,27,Yillik,50,0,287.0,0,2,7,6,0
10055,55,10,Aylik,16,0,150.0,3,0,6,2,1
10056,54,7,Aylik,200,1,576.0,1,1,10,7,1
10057,31,56,Yillik,100,0,335.0,1,0,6,5,0
10058,38,16,Yillik,100,1,387.0,0,1,8,0,0
10059,46,31,Aylik,16,3,354.0,0,0,7,9,0
10060,55,21,Aylik,200,0,512.0,1,0,8,4,0
10061,36,9,Aylik,100,1,361.0,0,0,8,7,0
10062,40,17,Iki Yillik,100,1,394.0,0,4,9,2,0
10063,28,9,Yillik,16,2,198.0,0,1,8,3,0
10064,26,72,Aylik,50,2,317.0,1,1,7,6,0
10065,53,35,Yillik,200,2,605.0,1,1,7,5,0
10066,60,21,Iki Yillik,50,0,203.0,2,3,7,6,0
10067,41,30,Iki Yillik,50,1,317.0,1,0,5,8,0
10068,55,33,Aylik,200,1,528.0,3,1,7,8,1
10069,47,33,Aylik,25,1,228.0,1,0,7,1,0
10070,34,32,Aylik,50,1,290.0,0,0,8,2,0
10071,47,31,Aylik,50,0,282.0,2,0,7,3,0
10072,62,22,Iki Yillik,200,0,520.0,2,2,7,5,0
10073,42,54,Aylik,16,1,248.0,2,0,7,4,0
10074,62,23,Aylik,50,1,305.0,1,0,6,5,1
10075,18,21,Aylik,50,0,239.0,1,0,8,7,0
10076,53,23,Aylik,100,1,337.0,1,0,7,1,0
10077,43,24,Yillik,50,4,365.0,1,0,7,5,0
10078,38,5,Aylik,100,2,424.0,0,0,9,8,1
10079,43,10,Aylik,200,1,546.0,3,1,6,4,1
10080,18,19,Aylik,16,0,203.0,0,1,8,0,0
10081,39,4,Aylik,25,2,304.0,0,2,7,7,1
10082,47,21,Aylik,16,0,164.0,2,0,10,3,0
10083,61,24,Yillik,25,1,192.0,1,0,7,7,0
10084,35,7,Yillik,50,1,298.0,5,0,8,3,1
10085,31,13,Yillik,100,2,384.0,3,0,7,7,1
10086,35,46,Iki Yillik,100,1,348.0,0,0,4,8,0
10087,54,30,Iki Yillik,16,0,150.0,2,0,6,4,0
10088,46,29,Iki Yillik,16,2,256.0,1,0,9,4,0
10089,35,43,Aylik,50,0,276.0,1,1,6,1,1
10090,49,11,Aylik,50,2,325.0,0,1,3,8,1
10091,43,7,Aylik,25,2,262.0,2,0,7,3,1
10092,55,39,Iki Yillik,100,0,277.0,2,2,5,2,0
10093,33,19,Iki Yillik,100,2,439.0,1,1,7,1,0
10094,38,10,Iki Yillik,25,1,205.0,2,0,10,2,0
10095,37,5,Aylik,100,1,379.0,0,0,8,3,1
10096,23,23,Iki Yillik,25,0,175.0,1,1,10,8,0
10097,46,18,Aylik,50,4,444.0,1,0,6,5,0
10098,45,16,Aylik,50,2,319.0,0,0,7,9,0
10099,42,2,Aylik,16,3,303.0,1,3,5,4,1
10100,39,53,Aylik,100,2,437.0,1,4,6,8,0
10101,24,6,Yillik,25,3,396.0,2,1,5,7,1
10102,37,17,Aylik,50,2,356.0,1,4,5,5,1
10103,38,15,Aylik,25,0,184.0,0,0,10,2,0
10104,32,31,Yillik,16,2,261.0,1,0,3,6,0
10105,40,5,Iki Yillik,16,1,197.0,1,1,10,9,0
10106,47,28,Yillik,50,1,247.0,2,0,9,5,0
10107,67,24,Aylik,50,3,351.0,1,0,8,7,0
10108,44,12,Iki Yillik,25,0,160.0,1,1,5,5,0
10109,45,28,Iki Yillik,50,3,393.0,1,2,4,9,0
10110,41,21,Aylik,50,2,288.0,2,0,6,3,1
10111,18,61,Yillik,50,1,327.0,2,2,8,9,0
10112,42,18,Aylik,50,2,351.0,1,0,7,6,0
10113,43,9,Aylik,100,2,421.0,2,0,5,6,1
10114,74,28,Yillik,50,2,325.0,4,0,9,7,0
10115,39,16,Iki Yillik,25,0,168.0,0,0,10,1,0
10116,46,21,Aylik,16,1,225.0,0,0,7,5,0
10117,42,7,Iki Yillik,25,0,226.0,2,2,7,2,0
10118,27,31,Iki Yillik,16,1,191.0,0,3,4,7,0
10119,57,14,Iki Yillik,50,2,271.0,1,0,6,3,0
10120,52,25,Aylik,25,2,302.0,3,2,8,3,0
10121,52,71,Iki Yillik,25,3,334.0,0,0,8,1,0
10122,30,17,Aylik,100,0,291.0,0,1,6,5,0
10123,60,34,Yillik,25,1,207.0,1,0,6,5,0
10124,24,18,Aylik,25,1,202.0,1,1,6,0,0
10125,50,12,Aylik,16,3,280.0,2,2,6,7,1
10126,70,47,Yillik,100,1,364.0,1,1,8,2,0
10127,29,3,Aylik,16,3,296.0,1,0,3,0,1
10128,35,40,Aylik,25,1,210.0,3,1,7,9,1
10129,43,3,Aylik,50,1,253.0,1,0,8,0,0
10130,35,37,Yillik,50,3,362.0,1,0,6,0,0
10131,22,21,Aylik,50,1,286.0,1,0,6,4,1
10132,43,9,Yillik,100,1,364.0,0,0,6,4,0
10133,28,15,Aylik,16,2,301.0,2,1,6,0,0
10134,48,33,Aylik,25,1,250.0,1,0,7,4,1
10135,30,67,Aylik,25,2,222.0,0,1,7,6,0
10136,62,5,Aylik,16,0,189.0,2,0,3,4,0
10137,32,10,Aylik,25,1,254.0,0,1,8,8,0
10138,38,6,Aylik,25,1,217.0,1,1,6,3,1
10139,53,18,Iki Yillik,50,0,183.0,2,2,10,8,0
10140,26,38,Yillik,50,1,280.0,1,0,5,7,0
10141,45,6,Aylik,25,1,232.0,3,2,5,0,0
10142,59,20,Aylik,50,0,196.0,1,0,7,3,1
10143,21,37,Iki Yillik,25,3,272.0,1,1,8,6,0
10144,44,15,Aylik,25,2,274.0,2,1,3,0,1
10145,45,24,Aylik,50,2,317.0,3,0,5,7,0
10146,52,45,Yillik,16,2,246.0,2,1,8,1,0
10147,26,8,Yillik,16,1,212.0,3,3,5,7,1
10148,25,4,Yillik,25,2,239.0,1,1,10,3,0
10149,49,26,Aylik,200,2,595.0,1,1,6,7,0
10150,46,26,Aylik,50,2,344.0,3,0,5,0,0
10151,45,14,Yillik,16,0,158.0,1,1,8,4,0
10152,47,12,Aylik,100,1,316.0,0,0,10,8,1
10153,33,21,Aylik,50,3,353.0,0,0,8,6,0
10154,45,8,Yillik,50,1,243.0,1,1,9,2,0
10155,46,8,Aylik,100,2,429.0,2,2,10,3,0
10156,33,33,Iki Yillik,25,1,244.0,0,0,5,9,0
10157,66,8,Iki Yillik,25,0,150.0,0,1,9,6,0
10158,48,4,Yillik,50,2,352.0,0,0,4,5,0
10159,27,12,Aylik,50,2,286.0,1,0,8,3,0
10160,51,14,Aylik,50,0,290.0,2,0,7,2,1
10161,29,28,Aylik,50,3,368.0,3,0,9,1,1
10162,52,13,Aylik,200,0,476.0,0,1,9,9,1
10163,57,50,Iki Yillik,100,0,290.0,0,1,8,8,0
10164,31,22,Aylik,100,2,432.0,1,0,8,2,0
10165,55,11,Aylik,100,4,496.0,2,0,8,6,0
10166,47,27,Aylik,200,1,562.0,0,1,7,0,0
10167,53,50,Yillik,16,3,362.0,1,2,7,7,0
10168,67,32,Aylik,25,3,298.0,1,0,10,0,0
10169,39,5,Aylik,50,2,327.0,0,3,10,1,0
10170,32,15,Aylik,100,1,425.0,1,1,7,0,1
10171,30,25,Iki Yillik,50,3,379.0,2,3,7,3,0
10172,31,31,Aylik,50,3,314.0,3,0,7,1,0
10173,41,18,Iki Yillik,16,3,323.0,1,2,4,0,0
10174,46,16,Iki Yillik,25,2,237.0,2,0,6,0,0
10175,46,61,Aylik,50,3,419.0,2,1,10,1,0
10176,53,32,Yillik,16,0,150.0,2,1,6,5,0
10177,42,28,Aylik,25,1,336.0,3,1,10,1,1
10178,61,13,Iki Yillik,25,1,284.0,0,0,9,1,0
10179,39,8,Yillik,25,1,205.0,3,1,8,7,1
10180,75,28,Aylik,50,1,281.0,2,3,8,4,0
10181,50,35,Aylik,25,0,214.0,2,1,5,7,0
10182,31,20,Aylik,50,4,442.0,4,2,6,7,1
10183,28,32,Iki Yillik,16,0,186.0,1,0,10,1,0
10184,48,33,Aylik,100,3,509.0,1,0,6,6,0
10185,39,36,Yillik,25,1,228.0,1,1,9,8,0
10186,51,5,Aylik,50,2,312.0,1,1,4,7,1
10187,48,16,Iki Yillik,50,2,313.0,0,2,5,8,1
10188,41,29,Aylik,25,3,353.0,4,3,10,7,1
10189,31,21,Yillik,100,0,343.0,3,0,7,3,0
10190,22,33,Aylik,50,1,290.0,2,0,6,9,0
10191,36,28,Yillik,25,3,350.0,0,0,10,6,0
10192,53,2,Aylik,16,2,189.0,1,0,9,8,0
10193,45,42,Aylik,200,0,531.0,3,0,9,8,1
10194,26,14,Aylik,100,2,428.0,3,1,6,3,1
10195,44,10,Yillik,25,0,246.0,3,1,6,6,0
10196,47,41,Aylik,25,1,179.0,1,3,8,5,0
10197,31,31,Yillik,100,1,430.0,2,0,8,2,0
10198,44,45,Aylik,50,0,238.0,0,1,6,9,0
10199,43,25,Iki Yillik,100,1,392.0,0,0,7,5,0
10200,27,15,Iki Yillik,25,1,291.0,1,0,8,7,0
10201,47,23,Aylik,50,0,255.0,1,1,9,1,1
10202,49,9,Aylik,25,0,202.0,2,1,8,2,0
10203,56,6,Aylik,25,0,196.0,1,2,4,7,0
10204,56,12,Aylik,50,0,218.0,2,0,7,3,1
10205,24,53,Aylik,200,2,609.0,0,1,5,3,0
10206,30,13,Yillik,25,3,297.0,1,1,8,1,1
10207,49,4,Yillik,25,2,276.0,1,0,9,9,0
10208,49,18,Iki Yillik,50,2,243.0,1,0,7,0,0
10209,49,13,Aylik,50,3,385.0,1,0,6,6,0
10210,75,42,Yillik,100,1,371.0,3,0,7,3,0
10211,49,51,Aylik,100,0,318.0,3,0,7,5,0
10212,57,15,Aylik,16,1,223.0,2,0,6,7,1
10213,54,25,Aylik,200,0,470.0,0,0,5,6,0
10214,50,26,Aylik,100,2,488.0,5,0,3,6,1
10215,38,20,Aylik,100,0,326.0,0,2,9,5,0
10216,52,17,Yillik,50,0,230.0,0,0,8,3,0
10217,32,10,Iki Yillik,100,4,476.0,0,0,8,3,0
10218,39,3,Aylik,16,1,216.0,0,2,9,8,0
10219,36,9,Aylik,25,4,416.0,3,0,5,4,1
10220,43,19,Aylik,100,3,501.0,3,1,4,8,1
10221,72,6,Yillik,25,1,262.0,0,0,8,8,0
10222,18,24,Aylik,16,0,190.0,2,1,8,3,1
10223,51,22,Yillik,100,1,362.0,0,2,4,1,0
10224,21,13,Iki Yillik,100,0,279.0,2,2,8,1,0
10225,36,17,Iki Yillik,16,1,208.0,1,2,6,8,0
10226,56,7,Aylik,100,1,367.0,1,0,5,8,0
10227,43,36,Iki Yillik,50,0,272.0,1,1,6,2,0
10228,28,35,Yillik,50,0,246.0,1,0,2,4,0
10229,33,8,Aylik,100,1,431.0,0,0,6,4,0
10230,51,8,Yillik,25,2,319.0,1,1,6,1,0
10231,33,10,Iki Yillik,16,1,199.0,0,1,8,1,0
10232,45,30,Aylik,25,1,170.0,0,0,7,9,0
10233,43,26,Aylik,50,3,418.0,2,0,8,0,0
10234,34,41,Aylik,50,1,328.0,0,0,2,1,1
10235,70,44,Yillik,100,2,372.0,1,3,5,6,0
10236,50,5,Aylik,100,0,383.0,3,1,8,0,1
10237,18,29,Iki Yillik,50,1,293.0,3,0,6,0,0
10238,44,42,Yillik,100,1,381.0,2,1,9,8,0
10239,33,16,Yillik,16,3,362.0,1,0,4,1,0
10240,53,20,Aylik,16,2,307.0,3,0,8,3,0
10241,32,18,Yillik,100,2,443.0,0,1,6,2,0
10242,41,19,Aylik,16,1,232.0,0,2,6,3,0
10243,49,36,Aylik,25,1,254.0,3,0,9,6,0
10244,53,60,Yillik,50,1,266.0,3,1,9,9,0
10245,26,49,Aylik,25,2,276.0,3,0,9,1,1
10246,38,14,Yillik,100,1,343.0,3,1,10,1,1
10247,36,25,Aylik,25,0,176.0,3,0,9,8,1
10248,34,11,Aylik,16,1,203.0,1,1,5,5,1
10249,65,12,Aylik,25,0,165.0,2,0,7,6,0
10250,47,20,Iki Yillik,50,1,285.0,0,0,6,4,0
10251,26,12,Yillik,25,1,221.0,3,0,10,4,0
10252,54,13,Yillik,50,2,343.0,0,0,9,3,0
10253,70,24,Aylik,100,2,363.0,1,2,7,7,1
10254,55,29,Aylik,100,1,371.0,0,0,9,6,1
10255,22,28,Iki Yillik,25,2,282.0,0,0,5,9,1
10256,36,29,Aylik,25,0,177.0,0,0,7,1,0
10257,58,7,Aylik,50,0,229.0,0,0,5,1,0
10258,33,11,Yillik,200,0,465.0,1,0,4,5,0
10259,48,21,Aylik,200,0,532.0,2,0,8,0,1
10260,52,41,Iki Yillik,25,0,210.0,3,0,9,6,1
10261,30,72,Yillik,50,3,387.0,2,2,8,7,0
10262,41,25,Aylik,25,1,269.0,0,0,7,9,0
10263,18,33,Aylik,16,4,357.0,3,2,5,7,0
10264,29,6,Aylik,16,0,187.0,2,2,5,2,1
10265,39,33,Iki Yillik,25,1,238.0,4,0,5,6,0
10266,26,67,Yillik,50,2,349.0,4,0,7,0,1
10267,63,11,Aylik,16,0,150.0,1,1,9,2,1
10268,23,13,Aylik,50,0,204.0,0,2,9,5,0
10269,36,36,Yillik,25,0,243.0,1,1,4,8,0
10270,44,21,Yillik,50,0,150.0,1,0,6,4,0
10271,61,3,Aylik,25,0,183.0,1,0,6,4,0
10272,23,14,Aylik,16,0,211.0,1,2,2,8,1
10273,57,51,Aylik,25,0,184.0,1,0,8,8,1
10274,42,17,Yillik,25,2,263.0,0,1,7,5,0
10275,29,17,Iki Yillik,50,3,375.0,1,0,7,4,0
10276,48,35,Aylik,16,3,293.0,0,1,10,9,0
10277,45,26,Yillik,50,3,371.0,1,0,7,1,0
10278,34,16,Aylik,16,2,236.0,1,1,6,7,0
10279,43,13,Aylik,50,1,319.0,1,1,8,7,0
10280,37,72,Aylik,100,2,470.0,0,1,9,6,0
10281,43,45,Iki Yillik,16,1,211.0,2,0,8,7,0
10282,51,29,Aylik,25,1,184.0,1,1,8,2,0
10283,63,30,Yillik,16,1,197.0,0,1,7,2,0
10284,26,19,Aylik,50,2,319.0,0,1,7,1,0
10285,70,26,Aylik,25,1,250.0,1,1,7,0,1
10286,18,17,Aylik,50,0,200.0,0,2,6,2,0
10287,40,10,Yillik,50,0,208.0,2,1,6,2,0
10288,50,27,Aylik,100,2,438.0,2,0,10,6,0
10289,46,16,Yillik,50,0,268.0,0,0,10,9,0
10290,34,28,Aylik,50,0,213.0,1,1,10,8,0
10291,39,31,Aylik,25,2,231.0,1,1,4,0,0
10292,36,29,Aylik,200,1,680.0,2,0,4,7,1
10293,34,10,Aylik,100,2,447.0,0,1,5,0,1
10294,53,15,Aylik,25,2,268.0,1,0,7,2,0
10295,47,16,Aylik,100,2,450.0,2,0,2,3,1
10296,33,39,Yillik,25,0,183.0,0,1,6,7,0
10297,54,38,Yillik,100,3,495.0,2,0,10,0,0
10298,46,12,Aylik,100,1,381.0,1,1,9,1,0
10299,53,7,Aylik,16,2,264.0,1,1,6,4,0
10300,50,72,Aylik,50,0,231.0,3,0,6,5,0
10301,31,28,Aylik,25,0,150.0,1,2,8,4,0
10302,35,6,Aylik,25,4,435.0,2,1,9,2,0
10303,52,13,Iki Yillik,25,2,245.0,0,0,6,9,1
10304,50,40,Aylik,50,2,277.0,1,0,7,6,0
10305,42,71,Aylik,25,3,315.0,0,3,6,0,0
10306,44,63,Aylik,16,1,182.0,1,1,4,1,0
10307,59,27,Aylik,50,3,368.0,1,1,7,8,1
10308,34,21,Yillik,16,3,329.0,1,1,6,3,0
10309,49,9,Aylik,16,0,205.0,2,0,5,7,1
10310,39,22,Aylik,25,0,216.0,0,0,8,8,0
10311,39,10,Yillik,25,3,312.0,3,0,8,6,0
10312,56,15,Aylik,50,1,282.0,1,0,8,0,0
10313,53,36,Yillik,16,3,320.0,0,0,6,4,0
10314,53,17,Yillik,200,2,548.0,2,0,3,5,0
10315,59,16,Aylik,50,0,255.0,1,2,8,7,0
10316,42,20,Yillik,25,0,150.0,2,0,6,9,0
10317,51,72,Aylik,25,0,259.0,1,0,5,7,1
10318,38,8,Yillik,25,1,218.0,2,0,5,8,0
10319,46,25,Aylik,50,0,229.0,2,2,6,8,1
10320,40,60,Aylik,16,1,188.0,1,1,10,3,0
10321,43,20,Yillik,16,1,193.0,1,1,6,5,0
10322,50,45,Iki Yillik,100,0,410.0,1,0,5,2,0
10323,31,6,Iki Yillik,25,0,220.0,1,1,8,0,0
10324,69,18,Yillik,25,1,178.0,0,2,7,5,0
10325,29,11,Aylik,100,1,428.0,0,0,3,0,1
10326,26,20,Aylik,50,2,367.0,1,2,8,8,1
10327,57,20,Aylik,25,0,178.0,1,0,10,5,0
10328,52,21,Aylik,50,3,381.0,2,1,2,0,0
10329,50,36,Aylik,16,3,305.0,3,2,5,2,0
10330,50,2,Iki Yillik,50,0,304.0,0,0,2,0,0
10331,42,13,Aylik,50,2,297.0,2,0,7,1,1
10332,30,24,Aylik,100,5,560.0,1,0,9,5,1
10333,43,3,Aylik,200,2,595.0,2,1,7,6,1
10334,33,31,Iki Yillik,100,0,280.0,1,2,10,0,0
10335,55,13,Yillik,100,2,497.0,1,3,9,9,0
10336,40,18,Yillik,50,0,194.0,3,1,10,4,0
10337,31,37,Aylik,25,0,195.0,0,0,9,5,0
10338,38,46,Iki Yillik,25,1,172.0,0,2,6,3,0
10339,47,32,Aylik,50,2,311.0,1,0,7,5,0
10340,35,8,Iki Yillik,100,0,345.0,1,1,5,4,0
10341,31,31,Aylik,25,1,204.0,0,1,7,6,1
10342,45,32,Aylik,100,2,441.0,0,1,7,3,0
10343,45,28,Aylik,100,1,366.0,2,0,7,0,0
10344,35,51,Yillik,200,0,561.0,1,0,10,1,0
10345,36,22,Aylik,100,0,378.0,0,0,6,5,1
10346,45,50,Iki Yillik,25,3,302.0,2,2,5,9,0
10347,23,50,Aylik,16,0,173.0,0,0,5,1,0
10348,24,33,Aylik,16,3,312.0,0,0,8,4,0
10349,33,25,Aylik,25,0,209.0,0,1,4,3,1
10350,39,28,Aylik,50,5,461.0,0,0,7,6,0
10351,46,58,Aylik,100,3,472.0,0,0,10,3,0
10352,61,41,Aylik,100,0,321.0,1,0,8,6,0
10353,53,9,Yillik,50,1,284.0,0,0,7,7,0
10354,40,27,Aylik,16,1,261.0,3,0,7,6,0
10355,42,10,Iki Yillik,16,0,193.0,1,1,5,1,0
10356,29,12,Yillik,16,1,240.0,1,0,5,0,0
10357,42,15,Yillik,25,1,258.0,0,1,7,4,0
10358,38,6,Aylik,50,1,275.0,3,1,8,6,1
10359,46,10,Aylik,16,3,317.0,0,2,9,0,0
10360,31,53,Aylik,25,1,195.0,1,1,7,7,0
10361,49,12,Yillik,16,0,215.0,2,1,10,2,1
10362,62,36,Iki Yillik,50,1,183.0,1,0,10,6,0
10363,41,23,Aylik,25,1,229.0,0,1,9,2,0
10364,47,30,Aylik,50,1,320.0,1,1,9,3,0
10365,51,31,Iki Yillik,25,2,230.0,0,1,5,7,0
10366,37,9,Aylik,200,0,534.0,0,0,5,1,1
10367,45,36,Yillik,25,1,209.0,1,1,8,5,0
10368,42,7,Yillik,50,1,267.0,0,0,4,9,0
10369,43,12,Iki Yillik,50,1,313.0,0,0,6,8,0
10370,32,31,Aylik,50,2,332.0,0,0,8,9,0
10371,42,9,Aylik,100,0,259.0,4,0,10,8,0
10372,48,3,Yillik,25,0,153.0,0,1,7,4,0
10373,61,26,Iki Yillik,25,3,357.0,0,0,6,2,0
10374,54,5,Aylik,16,4,366.0,4,0,8,5,1
10375,70,33,Aylik,50,2,386.0,0,0,5,8,1
10376,32,16,Yillik,25,1,291.0,0,1,7,5,1
10377,53,26,Iki Yillik,16,1,203.0,0,1,7,3,0
10378,44,26,Iki Yillik,50,0,323.0,0,1,7,4,0
10379,70,34,Iki Yillik,50,1,281.0,1,0,7,6,0
10380,31,31,Aylik,16,3,272.0,0,1,5,9,1
10381,31,9,Aylik,50,2,303.0,1,2,6,2,1
10382,34,17,Yillik,50,1,201.0,1,1,6,8,0
10383,18,26,Iki Yillik,16,1,272.0,2,2,4,0,1
10384,35,50,Aylik,25,2,333.0,0,0,8,7,0
10385,32,31,Aylik,50,0,199.0,2,1,9,4,0
10386,44,48,Yillik,50,2,317.0,0,1,9,9,0
10387,46,27,Aylik,25,1,236.0,3,1,7,8,0
10388,66,42,Aylik,25,3,289.0,3,0,5,1,0
10389,54,25,Aylik,50,3,309.0,1,1,8,0,1
10390,35,41,Yillik,200,1,558.0,0,0,8,9,0
10391,30,16,Yillik,50,3,359.0,1,0,7,6,0
10392,48,54,Aylik,16,2,247.0,2,2,10,9,0
10393,25,29,Yillik,25,3,330.0,2,0,7,8,0
10394,66,6,Yillik,100,2,470.0,1,0,7,4,0
10395,57,27,Yillik,16,3,295.0,1,1,6,3,0
10396,36,31,Yillik,200,1,571.0,1,0,4,3,0
10397,20,37,Aylik,200,0,545.0,2,0,8,7,0
10398,60,66,Aylik,16,3,325.0,1,1,7,0,0
10399,41,14,Aylik,200,1,543.0,1,1,8,0,1
10400,58,66,Aylik,25,3,326.0,1,1,10,7,0
10401,21,21,Aylik,100,0,349.0,0,0,6,1,0
10402,34,11,Iki Yillik,25,0,150.0,2,0,3,9,0
10403,42,14,Yillik,25,1,277.0,0,0,8,5,0
10404,43,30,Yillik,50,2,375.0,0,1,7,1,0
10405,36,10,Aylik,100,1,350.0,4,1,6,4,0
10406,50,16,Aylik,16,0,177.0,1,0,8,2,0
10407,28,26,Aylik,50,2,347.0,0,1,8,6,1
10408,40,54,Aylik,16,0,151.0,1,2,5,8,1
10409,44,36,Aylik,25,3,339.0,1,0,6,1,0
10410,49,21,Yillik,25,0,193.0,1,1,10,6,0
10411,51,30,Iki Yillik,25,2,226.0,0,1,6,7,0
10412,27,24,Aylik,25,2,294.0,5,1,7,9,0
10413,22,8,Aylik,16,1,177.0,0,1,2,7,1
10414,59,60,Yillik,16,0,203.0,0,1,4,6,1
10415,46,54,Aylik,16,1,192.0,0,0,7,3,0
10416,32,19,Iki Yillik,50,2,319.0,1,0,9,3,0
10417,62,14,Yillik,200,3,703.0,3,0,4,9,0
10418,44,8,Iki Yillik,16,1,233.0,0,0,7,8,0
10419,57,31,Aylik,200,2,572.0,1,0,6,9,0
10420,43,32,Yillik,50,1,244.0,0,2,9,8,0
10421,69,11,Aylik,50,3,349.0,0,1,5,4,0
10422,65,25,Yillik,50,0,249.0,0,0,8,6,0
10423,39,35,Aylik,100,1,388.0,0,1,6,6,0
10424,55,14,Aylik,16,0,150.0,1,1,7,8,1
10425,50,18,Aylik,50,1,239.0,1,0,7,6,1
10426,60,18,Yillik,50,1,290.0,2,0,7,7,0
10427,29,11,Iki Yillik,50,4,409.0,1,2,8,6,0
10428,51,18,Yillik,100,2,496.0,3,1,7,3,1
10429,56,5,Yillik,16,0,172.0,1,1,7,1,0
10430,19,17,Aylik,50,0,298.0,1,0,6,2,0
10431,27,17,Yillik,50,0,194.0,0,1,7,6,0
10432,18,20,Aylik,25,1,177.0,2,0,7,8,1
10433,38,29,Iki Yillik,25,0,150.0,0,2,5,1,0
10434,51,7,Iki Yillik,50,2,367.0,5,0,6,6,0
10435,62,9,Aylik,100,0,391.0,0,0,5,3,0
10436,43,11,Iki Yillik,50,0,208.0,3,2,7,6,0
10437,63,7,Aylik,100,1,359.0,0,2,6,4,1
10438,24,31,Aylik,25,1,192.0,2,1,8,6,1
10439,20,13,Yillik,16,1,152.0,0,1,8,5,0
10440,41,20,Aylik,16,1,241.0,1,2,5,1,0
10441,47,10,Yillik,16,3,313.0,0,1,7,6,0
10442,42,16,Aylik,25,2,278.0,1,0,8,4,0
10443,18,25,Aylik,25,3,273.0,0,0,7,8,0
10444,41,26,Yillik,50,2,382.0,1,0,6,0,0
10445,25,9,Yillik,50,1,262.0,4,1,5,0,1
10446,51,19,Iki Yillik,16,1,234.0,2,1,9,1,0
10447,47,10,Yillik,25,0,150.0,1,0,9,7,0
10448,30,19,Yillik,25,3,316.0,1,0,7,8,0
10449,35,12,Aylik,50,1,290.0,1,1,8,6,0
10450,28,62,Aylik,16,0,182.0,0,0,1,0,0
10451,41,35,Aylik,16,2,266.0,3,3,10,6,1
10452,54,27,Yillik,200,2,627.0,0,0,7,7,0
10453,29,17,Yillik,100,1,335.0,1,2,7,6,0
10454,49,36,Aylik,16,1,222.0,0,0,6,4,0
10455,35,20,Yillik,25,0,191.0,1,0,10,6,0
10456,32,58,Yillik,25,1,241.0,0,0,5,9,0
10457,41,38,Aylik,100,0,333.0,0,1,10,1,0
10458,29,16,Aylik,50,2,280.0,2,1,8,8,1
10459,35,54,Iki Yillik,16,0,150.0,1,1,8,1,0
10460,26,17,Yillik,50,4,338.0,3,1,6,1,0
10461,68,65,Iki Yillik,25,1,261.0,4,1,5,4,0
10462,42,56,Aylik,25,1,261.0,0,0,9,7,0
10463,33,25,Iki Yillik,25,1,262.0,3,1,8,5,0
10464,45,5,Aylik,50,0,246.0,0,3,10,8,0
10465,41,24,Aylik,25,0,150.0,1,0,7,5,1
10466,39,8,Iki Yillik,25,2,242.0,1,1,6,4,0
10467,50,13,Aylik,25,1,238.0,0,0,10,0,0
10468,52,13,Yillik,16,1,220.0,0,1,10,7,0
10469,35,8,Aylik,100,2,412.0,0,2,7,2,0
10470,35,24,Yillik,16,0,183.0,2,0,6,1,1
10471,38,12,Iki Yillik,16,4,351.0,0,0,9,6,0
10472,18,17,Aylik,50,1,284.0,2,0,7,1,0
10473,22,14,Yillik,100,0,308.0,3,0,8,0,1
10474,60,29,Aylik,100,2,454.0,1,0,7,1,1
10475,63,27,Yillik,50,0,220.0,0,0,10,5,0
10476,39,16,Aylik,25,0,150.0,1,1,6,1,1
10477,49,30,Aylik,50,0,208.0,2,1,8,0,1
10478,46,45,Aylik,50,0,223.0,1,0,6,0,0
10479,75,2,Aylik,25,4,402.0,3,2,6,3,1
10480,57,13,Iki Yillik,100,2,419.0,2,1,6,7,0
10481,40,9,Aylik,16,2,254.0,5,0,8,5,0
10482,30,12,Aylik,200,3,611.0,1,2,9,3,1
10483,21,2,Aylik,100,2,447.0,1,3,8,5,0
10484,45,2,Aylik,50,1,257.0,0,1,7,5,0
10485,32,14,Yillik,200,0,516.0,4,0,7,8,1
10486,24,14,Iki Yillik,50,1,332.0,2,0,9,3,0
10487,34,49,Aylik,16,2,278.0,0,3,9,5,0
10488,28,23,Iki Yillik,25,2,221.0,3,1,2,9,0
10489,64,29,Yillik,16,1,153.0,0,0,6,0,0
10490,53,72,Aylik,25,2,275.0,1,1,7,6,0
10491,42,2,Yillik,50,1,238.0,1,1,8,6,0
10492,61,59,Aylik,25,2,300.0,5,0,7,0,0
10493,43,20,Yillik,25,0,189.0,0,1,8,7,0
10494,31,15,Iki Yillik,50,0,241.0,0,0,5,4,0
10495,62,13,Aylik,100,1,350.0,1,0,7,8,0
10496,49,26,Iki Yillik,16,2,321.0,1,4,9,7,0
10497,29,15,Yillik,25,2,377.0,0,1,4,2,0
10498,40,8,Aylik,16,0,161.0,0,1,10,0,0
10499,31,13,Yillik,50,2,337.0,3,1,9,2,0
10500,24,26,Aylik,16,1,219.0,2,0,7,1,1
10501,54,33,Iki Yillik,50,1,271.0,1,1,5,1,1
10502,67,63,Yillik,25,2,248.0,4,2,7,3,1
10503,24,22,Aylik,16,3,267.0,1,2,7,1,1
10504,49,47,Aylik,200,1,525.0,3,2,8,7,1
10505,34,18,Yillik,16,0,185.0,0,0,10,4,0
10506,36,20,Aylik,25,1,214.0,0,0,6,0,0
10507,34,19,Aylik,16,0,150.0,1,0,8,5,0
10508,31,24,Aylik,50,3,386.0,3,0,5,6,1
10509,43,37,Aylik,50,1,279.0,0,1,6,0,0
10510,31,14,Aylik,25,2,325.0,0,1,8,2,0
10511,46,10,Aylik,16,1,228.0,3,0,8,8,1
10512,41,38,Aylik,25,4,316.0,2,2,6,6,0
10513,39,37,Yillik,50,0,157.0,1,0,6,3,0
10514,30,52,Aylik,100,0,305.0,0,1,10,5,0
10515,35,13,Aylik,50,2,303.0,1,0,9,5,1
10516,52,17,Aylik,50,1,313.0,2,0,7,2,0
10517,49,39,Yillik,25,1,232.0,2,1,3,1,0
10518,29,14,Aylik,25,2,317.0,2,1,10,4,1
10519,43,32,Aylik,16,1,169.0,4,1,7,7,1
10520,52,18,Aylik,25,0,221.0,1,0,6,2,1
10521,20,26,Iki Yillik,25,2,303.0,2,0,6,4,0
10522,49,8,Yillik,50,1,209.0,0,0,8,2,0
10523,33,22,Yillik,50,0,281.0,3,1,8,6,0
10524,49,45,Yillik,200,2,613.0,1,3,9,5,0
10525,32,35,Yillik,16,2,274.0,1,1,5,5,0
10526,19,9,Aylik,50,1,250.0,1,1,6,0,1
10527,21,60,Yillik,100,1,420.0,2,1,10,1,0
10528,43,43,Aylik,50,2,283.0,0,3,7,5,1
10529,45,8,Yillik,25,1,262.0,0,0,7,7,0
10530,30,14,Yillik,25,1,261.0,1,0,5,4,1
10531,50,8,Aylik,16,1,181.0,1,2,8,1,1
10532,20,26,Aylik,25,1,302.0,1,0,9,4,0
10533,41,13,Aylik,50,3,378.0,1,0,9,8,0
10534,26,3,Yillik,16,2,283.0,0,0,7,5,0
10535,34,20,Yillik,25,1,179.0,1,1,8,4,0
10536,43,38,Iki Yillik,50,3,444.0,3,0,10,9,0
10537,31,22,Aylik,100,5,512.0,0,1,9,5,0
10538,37,30,Yillik,25,1,268.0,1,0,6,8,0
10539,55,24,Yillik,50,1,245.0,0,2,2,6,0
10540,35,34,Iki Yillik,25,2,256.0,1,2,8,9,0
10541,53,25,Yillik,16,0,198.0,2,0,9,2,0
10542,27,19,Aylik,25,1,268.0,0,0,5,9,1
10543,49,22,Yillik,50,0,191.0,1,1,7,9,1
10544,61,53,Yillik,200,0,558.0,2,0,6,4,0
10545,18,31,Iki Yillik,16,4,387.0,2,1,7,3,0
10546,32,9,Aylik,50,1,247.0,1,1,6,4,1
10547,50,22,Aylik,25,0,243.0,0,1,9,7,0
10548,39,26,Iki Yillik,50,0,184.0,0,0,7,5,0
10549,47,18,Yillik,16,2,239.0,2,0,5,3,0
10550,34,3,Yillik,25,2,294.0,0,1,9,4,0
10551,43,10,Aylik,100,2,390.0,0,2,5,6,1
10552,40,15,Aylik,50,1,289.0,1,0,9,7,0
10553,57,64,Yillik,25,0,196.0,1,2,9,4,0
10554,45,29,Yillik,25,2,271.0,1,3,10,1,0
10555,46,5,Aylik,25,2,307.0,0,1,7,5,0
10556,37,19,Aylik,25,2,270.0,0,0,6,8,0
10557,36,48,Iki Yillik,100,0,338.0,0,0,7,2,0
10558,36,13,Aylik,200,0,560.0,0,0,7,6,0
10559,47,40,Iki Yillik,25,3,350.0,1,1,6,7,0
10560,37,5,Aylik,25,0,215.0,3,0,6,5,1
10561,46,1,Yillik,100,0,290.0,2,0,6,2,1
10562,69,44,Iki Yillik,25,3,341.0,1,0,5,0,0
10563,53,14,Yillik,50,2,294.0,1,2,8,2,0
10564,38,15,Aylik,25,1,188.0,1,1,7,5,0
10565,58,24,Yillik,50,0,232.0,0,2,6,3,0
10566,37,28,Aylik,50,0,203.0,0,1,5,0,0
10567,18,1,Aylik,100,1,403.0,0,0,5,5,1
10568,29,12,Iki Yillik,100,1,404.0,0,2,10,0,0
10569,18,21,Yillik,25,3,256.0,1,2,6,7,0
10570,37,28,Yillik,50,0,206.0,0,0,8,2,1
10571,42,9,Aylik,100,0,279.0,2,1,7,2,1
10572,64,18,Aylik,25,0,171.0,0,0,2,0,1
10573,46,13,Aylik,16,2,276.0,1,2,10,2,0
10574,39,24,Yillik,16,1,207.0,1,1,8,6,0
10575,53,43,Yillik,25,1,212.0,3,0,6,9,1
10576,18,16,Yillik,25,1,278.0,1,2,7,7,1
10577,45,6,Iki Yillik,50,1,199.0,3,1,5,7,0
10578,52,12,Aylik,16,0,214.0,0,0,10,2,1
10579,23,59,Aylik,100,2,401.0,1,0,5,4,0
10580,57,10,Aylik,25,0,185.0,1,1,6,0,1
10581,46,7,Aylik,25,1,214.0,0,0,6,8,1
10582,37,15,Aylik,50,1,334.0,4,0,7,7,0
10583,50,19,Iki Yillik,50,0,192.0,0,0,10,9,0
10584,72,14,Aylik,25,2,278.0,3,0,10,1,1
10585,44,5,Iki Yillik,25,1,251.0,1,1,6,9,0
10586,45,26,Aylik,16,0,150.0,0,0,8,0,0
10587,36,24,Iki Yillik,50,3,338.0,3,1,7,3,0
10588,31,33,Yillik,100,2,415.0,1,0,5,8,0
10589,53,24,Iki Yillik,25,0,156.0,2,2,10,7,0
10590,31,56,Aylik,50,1,251.0,3,0,10,2,0
10591,43,35,Yillik,50,3,358.0,1,0,7,9,0
10592,36,30,Iki Yillik,16,3,328.0,0,1,10,5,0
10593,48,44,Aylik,200,2,598.0,1,0,9,8,0
10594,46,23,Aylik,100,2,458.0,1,0,7,9,1
10595,55,18,Aylik,25,1,198.0,0,1,8,7,0
10596,35,26,Iki Yillik,16,2,217.0,2,0,10,9,0
10597,38,3,Yillik,16,0,238.0,0,0,5,4,1
10598,29,23,Yillik,16,1,192.0,1,3,10,8,0
10599,36,19,Aylik,50,0,189.0,1,0,7,8,0
10600,47,28,Aylik,25,1,172.0,3,0,10,2,0
10601,52,41,Iki Yillik,100,0,368.0,3,1,7,7,0
10602,30,31,Aylik,50,1,268.0,1,1,8,3,0
10603,53,12,Yillik,50,1,271.0,1,1,7,9,0
10604,60,36,Iki Yillik,50,3,364.0,1,0,6,6,0
10605,47,57,Aylik,16,0,206.0,0,0,6,9,0
10606,66,41,Yillik,25,0,181.0,0,2,10,7,0
10607,32,7,Aylik,50,2,407.0,0,2,3,6,1
10608,26,30,Yillik,16,0,175.0,1,0,5,4,0
10609,19,8,Aylik,16,0,208.0,1,0,6,0,1
10610,61,17,Yillik,100,2,448.0,1,0,5,7,1
10611,51,27,Aylik,50,2,324.0,3,0,10,4,0
10612,41,25,Aylik,25,1,212.0,0,0,9,2,0
10613,46,41,Yillik,50,2,337.0,1,3,8,1,0
10614,27,57,Aylik,100,3,483.0,1,0,6,2,0
10615,74,29,Yillik,25,0,167.0,2,0,10,8,0
10616,44,16,Aylik,16,2,266.0,1,1,4,1,0
10617,43,3,Yillik,200,2,653.0,3,0,10,9,0
10618,51,47,Aylik,25,1,305.0,2,1,6,0,1
10619,48,19,Yillik,16,2,290.0,0,1,7,1,0
10620,45,20,Aylik,50,0,300.0,0,0,6,1,0
10621,32,21,Aylik,100,1,353.0,0,1,5,4,0
10622,48,28,Aylik,25,0,212.0,2,0,10,0,1
10623,66,29,Yillik,25,1,279.0,2,0,8,9,0
10624,59,17,Aylik,25,0,156.0,0,2,9,7,0
10625,63,19,Iki Yillik,200,4,683.0,3,1,5,1,0
10626,35,13,Iki Yillik,16,0,231.0,2,0,7,5,0
10627,29,12,Aylik,50,0,201.0,1,0,8,4,0
10628,40,12,Yillik,100,5,508.0,0,1,8,1,0
10629,43,19,Aylik,16,1,269.0,0,3,5,9,1
10630,56,10,Aylik,200,0,562.0,1,0,9,0,0
10631,20,1,Yillik,200,2,625.0,0,0,7,5,1
10632,62,15,Yillik,100,1,373.0,1,0,5,5,0
10633,40,7,Yillik,25,1,217.0,3,1,3,2,0
10634,36,22,Aylik,50,2,335.0,0,3,8,7,1
10635,29,13,Aylik,100,4,565.0,1,0,10,8,0
10636,20,28,Aylik,200,0,528.0,0,0,5,2,0
10637,53,8,Yillik,16,0,246.0,0,0,7,8,0
10638,43,4,Aylik,100,1,344.0,2,0,9,7,0
10639,25,19,Yillik,25,1,232.0,1,0,5,4,0
10640,25,15,Aylik,16,0,157.0,2,1,6,5,1
10641,38,6,Aylik,25,0,150.0,1,0,5,0,1
10642,64,35,Aylik,100,4,505.0,0,2,9,4,0
10643,39,9,Aylik,25,1,247.0,1,0,10,9,0
10644,22,11,Aylik,50,2,343.0,0,3,7,9,1
10645,39,39,Yillik,200,2,686.0,2,1,5,6,0
10646,38,29,Iki Yillik,25,0,204.0,2,1,6,0,0
10647,18,8,Aylik,50,2,365.0,2,2,6,9,1
10648,41,16,Aylik,25,2,280.0,0,1,5,8,1
10649,39,7,Aylik,25,2,336.0,2,0,7,6,1
10650,51,37,Iki Yillik,50,2,409.0,2,0,8,3,0
10651,66,37,Aylik,200,1,584.0,4,1,8,3,1
10652,57,62,Iki Yillik,50,0,200.0,0,1,7,9,0
10653,39,72,Aylik,100,2,401.0,1,2,7,6,0
10654,28,13,Aylik,16,0,180.0,1,0,7,5,0
10655,75,33,Iki Yillik,25,1,248.0,0,0,5,2,0
10656,43,3,Aylik,50,1,304.0,0,1,7,8,0
10657,42,23,Yillik,16,1,232.0,3,0,6,5,0
10658,42,28,Yillik,25,2,278.0,1,1,4,1,0
10659,45,9,Aylik,50,2,303.0,1,1,8,9,0
10660,40,12,Aylik,16,1,229.0,1,0,6,1,1
10661,35,37,Yillik,25,2,342.0,2,0,7,0,0
10662,35,28,Yillik,50,0,271.0,2,0,9,4,1
10663,42,57,Aylik,50,0,254.0,1,1,5,9,0
10664,35,53,Iki Yillik,100,0,366.0,2,0,7,5,0
10665,33,4,Aylik,50,1,267.0,0,2,4,2,1
10666,43,14,Aylik,25,1,215.0,0,2,10,3,0
10667,39,8,Aylik,200,1,539.0,0,1,4,4,1
10668,62,34,Aylik,100,1,371.0,1,0,6,3,0
10669,18,25,Aylik,25,2,263.0,0,0,10,8,0
10670,56,9,Iki Yillik,16,0,213.0,2,0,7,2,0
10671,58,10,Aylik,50,3,353.0,2,0,5,4,1
10672,18,46,Aylik,50,2,297.0,1,0,8,6,0
10673,38,15,Aylik,100,3,533.0,2,0,8,6,1
10674,37,3,Yillik,50,1,264.0,1,2,6,5,1
10675,24,8,Iki Yillik,50,2,330.0,1,1,6,8,1
10676,32,65,Aylik,200,1,581.0,0,1,6,6,1
10677,28,40,Aylik,50,2,285.0,1,0,7,3,1
10678,65,7,Aylik,16,1,259.0,1,0,3,9,0
10679,54,23,Aylik,100,2,442.0,0,0,7,8,1
10680,59,38,Aylik,25,0,242.0,2,0,10,5,0
10681,51,4,Aylik,100,0,306.0,1,0,5,0,0
10682,27,41,Aylik,200,2,613.0,1,0,6,8,0
10683,35,28,Aylik,50,0,236.0,0,0,5,6,0
10684,48,11,Aylik,50,0,244.0,1,0,8,5,1
10685,26,31,Iki Yillik,25,2,227.0,0,1,9,5,1
10686,51,25,Iki Yillik,25,1,236.0,2,0,9,3,0
10687,39,27,Yillik,25,5,363.0,1,2,5,3,0
10688,37,23,Aylik,50,1,293.0,1,1,8,2,0
10689,51,10,Aylik,100,1,300.0,1,0,10,7,0
10690,48,12,Aylik,50,0,170.0,2,0,8,7,0
10691,37,17,Yillik,16,0,199.0,1,1,8,1,0
10692,57,21,Aylik,50,1,261.0,1,1,6,4,1
10693,28,32,Iki Yillik,100,3,430.0,5,1,7,8,0
10694,50,66,Iki Yillik,50,2,369.0,1,0,9,8,0
10695,50,24,Aylik,50,1,291.0,0,1,8,6,0
10696,38,32,Yillik,100,0,361.0,2,0,5,3,1
10697,46,37,Aylik,50,1,274.0,0,2,6,3,1
10698,26,33,Aylik,25,1,326.0,2,2,9,9,0
10699,54,10,Aylik,100,0,309.0,3,0,8,6,1
10700,40,48,Aylik,16,0,231.0,0,1,7,2,0
10701,35,44,Iki Yillik,200,0,518.0,1,0,6,2,0
10702,56,23,Aylik,16,2,202.0,0,0,9,4,0
10703,33,10,Aylik,16,1,232.0,1,1,10,5,1
10704,24,21,Yillik,100,1,386.0,2,1,9,7,0
10705,22,5,Yillik,25,1,196.0,3,0,10,0,0
10706,50,52,Aylik,50,2,293.0,1,1,6,6,1
10707,25,12,Iki Yillik,100,2,419.0,1,0,6,7,0
10708,65,17,Yillik,100,1,387.0,1,0,7,4,0
10709,18,50,Aylik,200,1,479.0,0,0,7,9,0
10710,64,46,Aylik,25,1,269.0,1,1,10,1,0
10711,45,26,Aylik,50,1,263.0,1,1,9,3,0
10712,41,57,Iki Yillik,16,3,259.0,2,0,8,5,0
10713,35,9,Yillik,25,1,265.0,1,0,4,8,1
10714,47,26,Iki Yillik,100,0,329.0,0,0,4,1,0
10715,42,9,Aylik,25,2,320.0,3,0,7,3,1
10716,56,42,Aylik,50,2,340.0,1,1,9,9,0
10717,43,41,Aylik,50,1,280.0,1,1,7,4,0
10718,44,60,Aylik,50,4,410.0,1,1,10,7,0
10719,37,21,Yillik,200,2,627.0,0,0,5,7,1
10720,41,71,Yillik,16,1,201.0,2,2,5,1,0
10721,46,9,Aylik,50,1,250.0,1,3,6,5,1
10722,20,20,Aylik,100,2,441.0,0,2,6,5,0
10723,24,9,Aylik,50,1,275.0,2,2,8,4,0
10724,52,24,Aylik,16,1,217.0,1,0,6,7,0
10725,44,10,Aylik,50,1,318.0,2,0,4,9,0
10726,40,42,Aylik,25,0,184.0,2,0,9,1,0
10727,42,29,Aylik,16,0,171.0,2,0,4,1,1
10728,47,8,Aylik,100,0,309.0,1,1,5,6,1
10729,35,36,Aylik,50,3,385.0,0,2,4,8,1
10730,32,55,Aylik,200,0,532.0,3,1,7,2,0
10731,45,30,Yillik,100,1,407.0,2,2,7,6,0
10732,29,6,Aylik,50,2,305.0,0,0,10,2,0
10733,47,18,Iki Yillik,16,1,199.0,1,0,9,5,0
10734,20,33,Aylik,25,1,260.0,0,2,10,2,1
10735,55,17,Aylik,16,1,224.0,5,1,8,0,1
10736,48,9,Aylik,100,1,343.0,0,0,5,5,1
10737,45,45,Aylik,16,1,261.0,0,1,7,2,0
10738,55,17,Iki Yillik,25,2,218.0,0,3,8,0,0
10739,64,55,Aylik,50,0,262.0,0,0,8,4,1
10740,55,14,Iki Yillik,25,2,233.0,0,0,6,7,0
10741,18,16,Iki Yillik,25,0,254.0,1,1,8,7,0
10742,25,13,Yillik,50,1,226.0,0,0,5,7,0
10743,34,18,Yillik,16,2,301.0,1,1,5,2,1
10744,42,28,Yillik,16,1,213.0,1,0,5,7,0
10745,49,9,Aylik,25,2,265.0,5,0,7,3,1
10746,33,8,Yillik,50,1,286.0,3,0,5,7,1
10747,44,4,Aylik,50,2,347.0,2,0,6,2,0
10748,32,4,Aylik,25,0,156.0,1,0,9,2,0
10749,34,6,Aylik,50,2,296.0,1,2,5,0,1
10750,24,14,Yillik,25,1,255.0,0,1,6,7,0
10751,30,23,Iki Yillik,200,1,505.0,0,0,7,7,0
10752,24,27,Aylik,16,0,150.0,0,1,7,8,1
10753,29,23,Iki Yillik,50,3,476.0,1,1,6,5,0
10754,56,51,Aylik,100,1,341.0,0,1,8,1,0
10755,30,61,Aylik,100,2,460.0,3,1,8,0,0
10756,75,17,Aylik,16,2,240.0,1,1,9,7,0
10757,48,9,Aylik,25,3,340.0,4,0,7,9,1
10758,44,72,Aylik,50,0,258.0,0,1,6,3,0
10759,31,44,Aylik,16,0,210.0,1,1,6,6,1
10760,51,42,Yillik,100,1,368.0,0,1,8,9,0
10761,35,13,Aylik,50,3,440.0,1,0,6,3,0
10762,44,36,Aylik,50,0,214.0,2,0,6,0,0
10763,75,23,Iki Yillik,16,2,269.0,0,1,6,7,0
10764,41,19,Yillik,50,3,379.0,0,2,6,9,0
10765,57,19,Aylik,50,1,241.0,0,1,7,8,0
10766,33,29,Aylik,100,0,320.0,0,0,4,9,0
10767,42,52,Iki Yillik,16,3,311.0,0,0,8,8,0
10768,65,72,Yillik,16,5,380.0,1,0,8,8,0
10769,34,15,Aylik,25,2,363.0,3,1,6,3,1
10770,66,24,Aylik,16,1,186.0,0,1,10,8,1
10771,51,19,Yillik,50,2,366.0,1,2,7,3,0
10772,35,28,Aylik,100,2,450.0,0,0,4,1,0
10773,50,17,Iki Yillik,25,1,232.0,1,0,6,9,0
10774,55,12,Aylik,100,2,390.0,0,0,7,2,0
10775,50,15,Yillik,16,2,234.0,2,1,8,1,0
10776,22,13,Aylik,16,1,197.0,1,0,7,0,1
10777,33,18,Aylik,16,2,198.0,1,2,5,5,0
10778,39,7,Iki Yillik,25,0,152.0,2,0,5,3,1
10779,41,14,Aylik,100,1,323.0,2,1,6,6,1
10780,50,28,Yillik,16,1,263.0,1,0,6,6,0
10781,44,27,Aylik,50,1,302.0,2,0,5,9,0
10782,25,25,Aylik,25,1,260.0,2,0,6,0,1
10783,47,49,Aylik,200,0,541.0,0,0,8,8,0
10784,50,28,Yillik,16,1,221.0,0,1,10,7,0
10785,49,48,Aylik,25,2,329.0,3,0,8,9,0
10786,56,72,Aylik,16,1,194.0,1,0,9,0,0
10787,53,37,Aylik,25,3,326.0,0,1,9,7,0
10788,48,7,Yillik,25,1,259.0,1,0,9,4,0
10789,41,25,Yillik,100,0,284.0,2,1,6,0,0
10790,20,23,Aylik,50,1,388.0,1,0,7,3,0
10791,48,55,Aylik,50,0,236.0,3,0,6,6,0
10792,45,19,Iki Yillik,50,0,240.0,1,2,7,4,0
10793,46,11,Aylik,16,2,304.0,0,0,7,2,0
10794,25,14,Iki Yillik,25,0,220.0,2,0,8,3,0
10795,28,7,Iki Yillik,200,3,656.0,0,1,8,1,0
10796,56,1,Yillik,100,2,425.0,1,2,7,7,0
10797,41,69,Aylik,100,0,277.0,2,2,7,1,0
10798,51,21,Iki Yillik,100,0,311.0,3,0,8,5,0
10799,42,7,Yillik,16,1,234.0,1,1,8,6,0
10800,42,58,Yillik,25,1,248.0,0,1,4,6,1
10801,54,64,Aylik,16,3,348.0,0,1,5,0,0
10802,35,23,Aylik,25,0,183.0,2,1,9,7,1
10803,43,6,Aylik,16,1,167.0,1,0,7,8,0
10804,36,14,Aylik,50,2,362.0,1,0,6,6,0
10805,36,17,Yillik,50,0,285.0,2,1,6,7,1
10806,38,21,Aylik,100,2,451.0,3,0,6,3,1
10807,45,8,Aylik,50,2,319.0,3,0,8,7,1
10808,36,39,Aylik,200,1,602.0,0,1,5,2,1
10809,58,2,Yillik,16,2,380.0,1,2,7,0,0
10810,30,43,Iki Yillik,16,3,309.0,1,1,7,7,0
10811,40,49,Aylik,50,0,189.0,1,1,8,5,0
10812,36,16,Aylik,25,2,257.0,3,3,7,8,0
10813,61,20,Aylik,25,0,209.0,1,0,8,2,1
10814,45,53,Yillik,25,4,311.0,1,1,6,7,0
10815,55,32,Yillik,25,5,418.0,0,0,5,8,0
10816,23,16,Iki Yillik,50,0,248.0,0,0,10,8,0
10817,45,17,Aylik,25,0,241.0,1,0,6,6,0
10818,54,29,Iki Yillik,50,0,281.0,3,1,7,9,0
10819,43,66,Aylik,50,0,265.0,0,0,8,2,0
10820,56,18,Yillik,25,0,150.0,0,0,10,2,0
10821,35,16,Aylik,25,1,265.0,0,0,6,1,0
10822,60,21,Iki Yillik,16,1,240.0,2,0,5,0,0
10823,72,21,Yillik,25,0,196.0,0,1,5,1,1
10824,37,26,Yillik,50,2,264.0,0,1,10,4,0
10825,36,20,Iki Yillik,100,2,393.0,0,0,5,0,0
10826,61,45,Aylik,50,3,329.0,0,0,7,9,0
10827,63,10,Aylik,25,1,162.0,1,1,5,3,0
10828,35,28,Iki Yillik,50,3,370.0,1,0,4,9,0
10829,37,29,Aylik,50,2,297.0,0,0,6,9,1
10830,38,11,Aylik,50,0,327.0,2,2,5,0,1
10831,25,28,Aylik,50,1,274.0,1,1,6,9,0
10832,30,29,Yillik,50,0,280.0,0,0,10,7,1
10833,29,1,Aylik,50,1,225.0,2,0,8,4,0
10834,32,9,Aylik,50,1,261.0,0,0,9,9,0
10835,42,56,Aylik,16,0,174.0,1,1,9,3,1
10836,45,13,Aylik,50,2,293.0,0,2,7,2,0
10837,62,7,Iki Yillik,16,3,291.0,2,0,6,8,0
10838,29,3,Iki Yillik,16,2,253.0,2,1,7,5,0
10839,55,8,Yillik,200,3,647.0,2,0,7,0,0
10840,39,19,Aylik,200,3,720.0,0,0,6,7,0
10841,41,7,Iki Yillik,16,0,184.0,2,0,7,9,0
10842,51,33,Aylik,25,2,294.0,2,2,6,1,0
10843,27,11,Aylik,16,0,189.0,2,2,7,8,1
10844,47,26,Iki Yillik,50,2,346.0,1,0,6,6,0
10845,44,51,Yillik,100,1,372.0,1,2,5,2,0
10846,48,49,Yillik,200,1,554.0,0,0,3,3,0
10847,46,26,Yillik,50,0,241.0,1,0,5,2,0
10848,74,8,Aylik,25,2,318.0,2,0,10,5,0
10849,34,20,Aylik,50,0,274.0,1,1,6,8,1
10850,35,26,Yillik,25,1,224.0,1,0,8,9,0
10851,34,72,Aylik,100,0,357.0,1,0,3,8,1
10852,35,3,Aylik,100,1,368.0,1,1,5,0,0
10853,34,20,Yillik,50,3,371.0,1,0,4,9,1
10854,57,32,Yillik,25,2,261.0,0,2,7,5,0
10855,60,22,Aylik,25,0,181.0,1,0,10,0,0
10856,35,24,Yillik,16,1,262.0,3,0,8,3,0
10857,31,11,Iki Yillik,100,1,378.0,2,1,10,6,0
10858,48,39,Yillik,25,1,237.0,2,0,7,3,0
10859,35,21,Aylik,25,2,227.0,1,0,10,8,0
10860,50,24,Aylik,50,1,269.0,0,0,10,9,0
10861,45,41,Aylik,100,0,322.0,0,1,7,4,0
10862,22,16,Aylik,16,1,186.0,1,0,6,8,0
10863,62,47,Aylik,100,0,331.0,3,2,4,0,1
10864,65,7,Aylik,100,0,315.0,3,1,6,3,1
10865,34,25,Aylik,200,2,613.0,2,2,7,6,1
10866,37,11,Iki Yillik,25,1,237.0,1,1,10,1,0
10867,46,8,Aylik,25,1,199.0,1,1,5,8,1
10868,46,65,Yillik,25,3,309.0,3,0,7,2,0
10869,51,7,Yillik,25,1,235.0,0,1,4,3,0
10870,68,22,Aylik,16,1,257.0,1,1,6,3,1
10871,40,7,Iki Yillik,50,1,289.0,0,0,8,7,0
10872,32,45,Yillik,50,0,212.0,1,0,8,1,0
10873,24,15,Aylik,100,4,524.0,0,1,8,4,0
10874,32,41,Yillik,16,0,230.0,1,0,8,1,0
10875,42,31,Aylik,50,0,267.0,0,0,8,5,0
10876,65,72,Yillik,100,0,349.0,0,1,7,8,0
10877,35,5,Aylik,100,1,400.0,0,1,5,8,1
10878,45,9,Iki Yillik,100,0,380.0,0,0,3,0,0
10879,42,40,Aylik,50,0,273.0,1,0,6,3,0
10880,57,26,Yillik,100,0,350.0,1,1,7,3,0
10881,75,17,Aylik,25,1,270.0,2,0,9,0,0
10882,35,69,Yillik,50,2,287.0,2,1,7,9,0
10883,36,21,Yillik,16,0,150.0,2,1,7,1,0
10884,56,11,Aylik,16,1,221.0,0,0,8,5,1
10885,51,41,Yillik,25,1,235.0,0,0,6,9,0
10886,66,21,Aylik,16,2,241.0,1,0,9,2,0
10887,50,22,Iki Yillik,25,1,261.0,0,2,10,8,0
10888,37,33,Aylik,16,1,150.0,1,1,10,2,0
10889,50,34,Iki Yillik,16,2,242.0,0,0,7,2,0
10890,56,9,Yillik,100,1,358.0,0,1,8,8,0
10891,53,17,Aylik,16,0,150.0,3,0,10,2,0
10892,49,6,Aylik,50,0,287.0,1,1,7,5,1
10893,56,26,Aylik,16,0,150.0,2,2,8,5,1
10894,57,64,Iki Yillik,100,0,309.0,2,0,5,0,0
10895,60,9,Aylik,100,2,452.0,0,1,6,6,1
10896,50,5,Yillik,50,4,438.0,0,0,9,8,0
10897,40,12,Yillik,50,0,196.0,1,0,6,8,0
10898,44,17,Aylik,16,2,284.0,1,1,7,8,0
10899,58,34,Yillik,200,2,620.0,0,0,4,1,0
10900,31,16,Aylik,100,0,412.0,0,0,10,0,0
10901,47,27,Aylik,100,0,344.0,4,2,9,5,1
10902,37,14,Yillik,50,2,320.0,0,0,7,5,0
10903,42,18,Aylik,25,3,293.0,0,1,8,3,0
10904,59,11,Aylik,100,0,304.0,0,1,8,7,0
10905,44,8,Iki Yillik,25,2,249.0,1,1,10,4,1
10906,43,35,Aylik,50,0,283.0,0,0,6,6,1
10907,24,15,Iki Yillik,16,1,216.0,2,2,8,8,0
10908,52,28,Iki Yillik,100,1,395.0,1,1,9,0,0
10909,50,10,Aylik,16,2,313.0,1,1,9,8,1
10910,70,21,Aylik,25,4,285.0,2,0,3,3,0
10911,38,2,Yillik,50,0,280.0,1,1,6,6,1
10912,45,16,Aylik,100,2,422.0,0,1,5,3,0
10913,45,11,Aylik,50,0,250.0,1,2,7,3,1
10914,63,44,Yillik,25,0,159.0,2,0,3,3,0
10915,41,7,Aylik,16,2,234.0,0,0,3,5,0
10916,46,18,Iki Yillik,100,2,437.0,0,0,10,4,0
10917,50,26,Aylik,200,3,738.0,0,1,8,1,0
10918,44,40,Aylik,100,0,365.0,0,0,7,8,0
10919,36,37,Aylik,25,0,232.0,1,0,8,5,1
10920,45,20,Iki Yillik,100,3,458.0,1,1,7,9,0
10921,56,22,Yillik,25,0,166.0,3,0,9,5,0
10922,29,44,Yillik,50,2,298.0,3,1,6,8,0
10923,44,19,Aylik,50,1,263.0,1,0,7,0,0
10924,33,23,Aylik,25,1,161.0,0,1,7,6,0
10925,58,45,Aylik,100,0,305.0,3,1,5,2,1
10926,22,72,Aylik,50,0,215.0,2,3,9,3,1
10927,35,25,Yillik,25,1,226.0,0,1,6,0,1
10928,47,30,Yillik,25,0,192.0,0,3,9,2,0
10929,62,36,Aylik,16,1,228.0,2,1,7,6,0
10930,41,45,Iki Yillik,50,3,369.0,0,0,10,5,0
10931,35,41,Aylik,25,0,167.0,4,0,5,0,1
10932,66,13,Iki Yillik,16,3,237.0,1,2,5,8,0
10933,23,26,Aylik,50,1,260.0,1,2,5,3,0
10934,18,41,Aylik,50,2,291.0,1,0,7,6,0
10935,48,51,Aylik,100,2,436.0,1,1,10,3,0
10936,35,18,Aylik,50,2,357.0,1,0,10,6,1
10937,29,26,Yillik,100,1,408.0,0,0,3,4,1
10938,51,28,Aylik,200,3,681.0,2,1,7,0,1
10939,45,21,Aylik,100,1,370.0,4,2,1,3,1
10940,35,25,Yillik,50,1,262.0,0,1,9,2,0
10941,25,72,Yillik,25,1,206.0,1,0,9,5,0
10942,53,18,Iki Yillik,200,1,512.0,1,0,7,5,0
10943,50,19,Aylik,25,2,312.0,2,1,7,0,1
10944,41,4,Yillik,25,0,181.0,2,1,7,1,0
10945,66,4,Yillik,25,1,189.0,0,0,6,1,0
10946,28,29,Aylik,16,3,276.0,1,2,8,9,0
10947,22,41,Aylik,200,3,625.0,0,2,7,3,0
10948,33,36,Aylik,50,1,282.0,0,1,9,8,1
10949,41,10,Aylik,50,0,272.0,2,1,7,1,1
10950,45,35,Aylik,50,2,313.0,0,1,5,7,0
10951,39,19,Aylik,50,0,156.0,2,2,4,0,1
10952,47,15,Yillik,16,2,254.0,2,2,3,7,1
10953,26,6,Yillik,50,1,275.0,3,0,9,2,1
10954,61,12,Iki Yillik,50,1,272.0,0,4,6,4,0
10955,41,29,Yillik,25,1,211.0,2,1,8,0,0
10956,57,26,Aylik,100,1,383.0,0,0,10,0,0
10957,46,23,Iki Yillik,25,2,280.0,1,1,6,5,0
10958,48,2,Iki Yillik,25,1,232.0,1,0,6,2,0
10959,49,23,Aylik,16,2,275.0,2,0,7,7,0
10960,48,13,Yillik,25,1,217.0,0,0,7,3,0
10961,50,26,Iki Yillik,100,1,358.0,2,0,10,5,0
10962,59,46,Yillik,100,1,423.0,0,0,10,9,0
10963,45,15,Iki Yillik,25,1,252.0,0,0,8,8,0
10964,51,22,Aylik,50,1,309.0,2,0,10,7,0
10965,41,69,Aylik,50,1,323.0,2,2,7,3,0
10966,61,25,Aylik,25,1,251.0,2,2,8,9,1
10967,33,20,Yillik,16,1,248.0,2,0,6,7,1
10968,65,11,Iki Yillik,200,2,555.0,0,0,5,6,0
10969,41,36,Iki Yillik,50,1,287.0,0,0,9,4,0
10970,23,9,Aylik,200,2,604.0,2,0,8,6,0
10971,44,47,Aylik,25,0,246.0,0,1,7,6,0
10972,33,32,Yillik,50,1,312.0,2,1,7,9,0
10973,53,13,Yillik,25,1,210.0,1,1,4,1,0
10974,34,11,Aylik,25,1,246.0,1,1,5,6,1
10975,36,11,Aylik,50,4,421.0,3,2,8,2,1
10976,18,4,Yillik,25,0,203.0,1,1,6,7,1
10977,36,28,Yillik,16,2,225.0,2,1,7,7,0
10978,18,2,Aylik,25,4,380.0,0,1,7,8,0
10979,21,19,Aylik,16,0,162.0,2,0,6,3,0
10980,52,18,Iki Yillik,50,2,335.0,1,2,5,9,1
10981,52,16,Yillik,50,1,255.0,3,2,4,2,1
10982,48,28,Aylik,16,0,150.0,2,0,7,8,1
10983,29,13,Aylik,16,1,256.0,1,1,8,8,0
10984,41,23,Yillik,16,0,150.0,0,0,4,1,0
10985,42,47,Aylik,50,1,246.0,1,0,7,5,0
10986,27,31,Aylik,16,1,214.0,3,0,8,2,0
10987,62,15,Yillik,100,0,303.0,1,1,5,4,0
10988,53,21,Aylik,16,1,184.0,1,0,10,1,0
10989,39,16,Yillik,25,0,191.0,1,0,6,3,0
10990,42,18,Aylik,100,0,277.0,1,0,7,2,0
10991,45,24,Yillik,50,2,290.0,1,0,7,1,0
10992,18,6,Aylik,16,1,287.0,2,1,4,5,1
10993,39,5,Aylik,100,1,391.0,0,0,9,2,0
10994,33,10,Aylik,50,1,254.0,1,0,5,3,1
10995,29,29,Iki Yillik,100,1,390.0,0,0,7,5,0
10996,38,32,Iki Yillik,50,0,255.0,3,0,8,4,0
10997,65,35,Aylik,50,0,270.0,1,1,10,3,0
10998,50,10,Yillik,200,0,516.0,0,0,5,3,1
10999,35,22,Yillik,25,2,312.0,1,1,6,1,0
11000,49,15,Iki Yillik,50,4,344.0,1,1,10,9,0
11001,60,19,Aylik,25,4,331.0,2,0,8,3,0
11002,54,15,Yillik,16,1,221.0,1,1,8,7,0
11003,43,25,Aylik,16,1,227.0,2,0,5,4,1
11004,34,12,Aylik,16,1,183.0,2,3,6,9,0
11005,51,44,Iki Yillik,50,1,289.0,1,1,7,9,0
11006,47,44,Yillik,50,2,303.0,0,1,5,7,0
11007,54,29,Aylik,50,2,315.0,2,0,4,5,0
11008,50,40,Aylik,16,3,341.0,1,1,6,9,0
11009,56,6,Yillik,25,2,309.0,3,0,10,4,1
11010,35,45,Yillik,100,1,340.0,1,1,7,3,0
11011,59,27,Aylik,25,3,285.0,1,0,10,9,0
11012,45,13,Iki Yillik,50,2,311.0,2,0,7,8,0
11013,69,12,Aylik,100,0,329.0,0,0,6,9,1
11014,33,55,Aylik,100,2,397.0,0,0,9,4,0
11015,65,36,Iki Yillik,50,0,271.0,0,1,7,9,0
11016,45,18,Aylik,100,1,387.0,2,0,9,5,1
11017,34,6,Aylik,25,2,292.0,2,1,5,6,1
11018,36,47,Yillik,100,1,331.0,0,0,9,0,0
11019,38,8,Iki Yillik,25,1,273.0,1,0,9,8,0
11020,48,16,Aylik,25,1,150.0,0,0,8,7,1
11021,49,18,Iki Yillik,16,1,245.0,0,2,5,4,0
11022,35,11,Yillik,100,0,363.0,0,0,7,2,0
11023,42,18,Aylik,25,0,172.0,0,1,8,4,1
11024,70,20,Yillik,25,2,322.0,1,0,7,4,0
11025,64,17,Aylik,25,1,230.0,1,0,8,8,0
11026,48,26,Aylik,100,1,377.0,0,2,9,6,0
11027,42,57,Yillik,100,4,522.0,4,1,6,1,0
11028,44,6,Iki Yillik,50,2,437.0,2,0,5,4,0
11029,50,23,Aylik,50,0,282.0,0,1,7,8,0
11030,29,8,Aylik,50,2,350.0,1,1,6,1,1
11031,39,5,Aylik,25,1,201.0,1,1,8,7,0
11032,20,38,Aylik,100,1,380.0,0,1,5,2,0
11033,47,24,Aylik,16,0,150.0,1,1,9,3,0
11034,50,5,Aylik,25,1,261.0,1,1,10,1,0
11035,36,18,Yillik,25,0,192.0,0,0,7,8,0
11036,62,10,Aylik,50,0,196.0,2,0,7,5,0
11037,26,18,Aylik,25,3,325.0,1,1,6,8,1
11038,23,33,Iki Yillik,50,3,340.0,0,0,6,7,0
11039,45,31,Yillik,16,1,221.0,0,2,6,8,0
11040,56,15,Aylik,50,1,250.0,2,1,10,4,0
11041,64,40,Aylik,25,1,233.0,1,3,7,5,1
11042,36,49,Yillik,16,0,197.0,1,1,4,6,0
11043,56,33,Aylik,16,1,214.0,0,0,7,4,0
11044,41,13,Aylik,100,0,316.0,3,1,9,0,1
11045,40,19,Yillik,25,4,375.0,1,1,7,8,0
11046,53,56,Aylik,50,1,304.0,1,0,10,1,0
11047,50,16,Aylik,50,2,286.0,1,0,8,6,0
11048,22,31,Aylik,50,1,289.0,0,2,5,7,0
11049,61,11,Aylik,50,0,281.0,3,1,6,7,1
11050,60,40,Aylik,25,2,298.0,0,0,7,0,0
11051,34,10,Iki Yillik,25,1,235.0,1,1,4,9,0
11052,47,19,Aylik,50,1,302.0,1,1,8,6,0
11053,48,30,Aylik,50,1,296.0,0,1,4,8,0
11054,45,63,Aylik,100,2,446.0,1,2,9,2,1
11055,35,24,Iki Yillik,100,1,304.0,2,4,9,7,0
11056,33,17,Yillik,16,1,161.0,0,0,8,7,0
11057,42,16,Aylik,16,1,251.0,0,0,6,8,0
11058,57,39,Iki Yillik,50,2,272.0,0,0,7,7,0
11059,49,28,Aylik,25,1,247.0,3,0,6,4,0
11060,37,32,Aylik,16,1,203.0,1,0,5,4,0
11061,52,53,Aylik,100,1,340.0,3,0,6,2,1
11062,18,21,Aylik,25,1,245.0,1,2,8,5,0
11063,57,27,Aylik,100,1,382.0,2,0,7,9,0
11064,19,16,Yillik,50,3,444.0,4,5,10,2,0
11065,37,11,Aylik,100,0,308.0,1,0,8,1,0
11066,27,13,Yillik,25,2,328.0,0,1,8,6,0
11067,25,1,Aylik,25,1,245.0,1,1,4,9,0
11068,57,30,Aylik,50,3,347.0,0,1,6,2,0
11069,36,28,Aylik,16,0,198.0,1,1,5,3,0
11070,47,29,Iki Yillik,25,0,207.0,2,1,7,9,0
11071,41,10,Aylik,25,1,234.0,1,3,6,7,1
11072,48,13,Yillik,16,0,180.0,3,1,6,0,0
11073,43,13,Aylik,25,1,212.0,3,0,9,8,0
11074,25,42,Aylik,100,0,301.0,0,2,8,5,0
11075,55,23,Aylik,16,0,197.0,1,1,9,1,1
11076,36,21,Aylik,16,0,163.0,1,0,4,2,1
11077,22,34,Aylik,50,3,367.0,1,1,7,4,0
11078,36,13,Aylik,200,1,575.0,0,0,9,5,0
11079,62,26,Yillik,25,0,197.0,0,0,10,8,0
11080,53,68,Aylik,16,0,150.0,0,1,4,1,0
11081,37,47,Yillik,50,1,325.0,2,0,6,4,0
11082,37,26,Aylik,100,0,334.0,2,0,9,6,0
11083,38,22,Aylik,100,1,368.0,1,0,7,6,0
11084,69,29,Yillik,50,0,250.0,1,0,5,3,0
11085,47,51,Aylik,25,0,196.0,0,0,4,2,0
11086,48,49,Aylik,50,1,307.0,3,0,5,7,1
11087,55,56,Yillik,16,0,189.0,2,1,4,1,0
11088,45,24,Iki Yillik,50,1,305.0,1,0,7,4,0
11089,39,2,Aylik,50,2,372.0,1,0,9,9,0
11090,39,65,Aylik,200,2,641.0,2,0,5,4,1
11091,41,11,Iki Yillik,25,1,227.0,1,1,7,0,1
11092,42,34,Aylik,16,0,150.0,1,0,9,6,0
11093,51,3,Yillik,50,1,338.0,2,0,7,3,0
11094,43,21,Aylik,50,2,317.0,0,1,4,9,1
11095,52,16,Aylik,100,1,358.0,0,1,8,1,0
11096,41,56,Yillik,16,0,150.0,1,0,7,7,0
11097,43,26,Yillik,25,2,289.0,3,1,7,3,1
11098,18,21,Aylik,50,0,240.0,2,1,6,0,1
11099,54,28,Aylik,25,0,150.0,1,1,7,7,1
11100,47,1,Yillik,100,4,526.0,0,1,8,6,1
11101,55,12,Yillik,50,2,308.0,2,0,10,2,0
11102,18,14,Aylik,100,2,514.0,2,1,7,2,0
11103,69,32,Yillik,50,3,350.0,1,0,10,6,0
11104,40,9,Yillik,100,2,405.0,0,2,8,1,0
11105,56,24,Yillik,25,0,157.0,2,1,7,4,0
11106,28,19,Yillik,100,0,375.0,2,2,7,6,1
11107,50,13,Aylik,25,3,309.0,1,0,5,5,0
11108,28,14,Yillik,50,1,255.0,0,1,8,9,0
11109,34,19,Yillik,25,0,212.0,7,0,3,6,1
11110,67,3,Aylik,50,1,232.0,0,0,5,1,1
11111,40,35,Aylik,25,2,299.0,2,2,7,6,0
11112,45,11,Aylik,25,2,340.0,1,1,9,1,1
11113,53,17,Yillik,200,2,630.0,1,2,10,6,0
11114,48,55,Aylik,16,0,193.0,0,0,7,7,0
11115,44,35,Yillik,100,0,360.0,0,0,7,9,0
11116,47,8,Iki Yillik,200,2,670.0,0,0,9,7,0
11117,73,1,Yillik,16,2,303.0,1,1,4,4,1
11118,41,29,Iki Yillik,50,2,340.0,0,2,8,6,0
11119,45,17,Iki Yillik,25,3,354.0,0,0,5,7,0
11120,56,24,Aylik,16,2,229.0,2,3,7,3,0
11121,56,34,Yillik,25,2,305.0,1,0,6,1,0
11122,57,38,Aylik,200,1,530.0,2,0,8,6,1
11123,50,15,Iki Yillik,16,1,203.0,1,2,8,0,0
11124,27,19,Aylik,50,2,217.0,0,0,9,1,0
11125,63,27,Iki Yillik,50,0,249.0,2,1,8,9,0
11126,27,28,Yillik,100,3,442.0,0,0,7,6,0
11127,46,24,Yillik,16,1,254.0,3,0,10,9,0
11128,32,51,Aylik,50,1,294.0,1,0,4,0,0
11129,41,28,Aylik,50,3,409.0,0,0,10,6,0
11130,46,34,Yillik,50,1,242.0,1,4,6,4,0
11131,46,25,Aylik,200,0,556.0,0,3,8,2,1
11132,47,9,Iki Yillik,100,0,404.0,1,0,6,1,0
11133,63,12,Aylik,16,2,287.0,1,0,6,6,0
11134,48,7,Yillik,50,0,263.0,1,0,8,8,0
11135,39,41,Aylik,25,2,283.0,0,1,9,8,0
11136,55,5,Yillik,25,0,169.0,1,1,8,9,0
11137,57,18,Yillik,25,4,394.0,1,1,6,9,0
11138,26,16,Aylik,25,0,150.0,1,0,10,7,0
11139,50,15,Aylik,25,1,218.0,0,0,9,1,0
11140,51,16,Aylik,200,3,593.0,2,1,9,0,1
11141,38,58,Yillik,16,2,236.0,4,1,6,7,0
11142,60,3,Yillik,100,1,397.0,0,1,6,1,0
11143,40,47,Yillik,50,0,253.0,4,1,6,3,0
11144,44,17,Aylik,50,2,327.0,2,1,9,3,0
11145,40,36,Aylik,100,2,426.0,3,2,5,1,1
11146,42,22,Aylik,25,1,166.0,2,0,5,3,1
11147,28,8,Aylik,25,0,174.0,1,2,8,6,1
11148,23,50,Aylik,25,1,209.0,0,0,8,5,0
11149,63,45,Iki Yillik,25,0,164.0,1,0,6,9,0
11150,31,9,Iki Yillik,100,0,351.0,1,0,5,5,0
11151,29,31,Aylik,100,1,345.0,2,0,10,3,0
11152,18,13,Yillik,16,1,194.0,1,1,8,1,1
11153,34,5,Iki Yillik,16,1,150.0,0,2,4,4,0
11154,25,11,Aylik,25,1,222.0,2,2,5,2,1
11155,63,48,Aylik,16,3,267.0,3,0,6,2,0
11156,55,37,Aylik,50,2,328.0,1,2,8,3,0
11157,33,16,Aylik,16,4,317.0,1,0,8,4,0
11158,71,48,Iki Yillik,50,2,329.0,1,0,9,1,0
11159,55,43,Yillik,16,3,300.0,0,0,4,5,0
11160,38,11,Aylik,25,1,291.0,0,0,7,5,0
11161,18,56,Aylik,50,0,252.0,4,2,10,7,0
11162,72,15,Yillik,50,0,171.0,1,1,10,1,0
11163,24,17,Iki Yillik,200,1,521.0,0,0,8,7,0
11164,21,3,Yillik,100,2,422.0,1,1,10,7,0
11165,55,13,Yillik,25,0,155.0,2,0,8,3,0
11166,74,19,Aylik,16,5,292.0,2,1,9,6,0
11167,60,26,Iki Yillik,100,3,512.0,3,1,7,6,0
11168,49,8,Yillik,100,3,490.0,1,0,6,0,0
11169,50,11,Aylik,100,1,393.0,2,1,5,0,1
11170,53,57,Yillik,16,1,194.0,0,0,7,7,0
11171,52,41,Aylik,200,1,580.0,3,2,7,0,1
11172,46,46,Aylik,25,1,208.0,0,0,4,2,0
11173,43,20,Aylik,50,1,287.0,0,1,5,5,0
11174,41,26,Aylik,100,0,298.0,1,1,6,7,0
11175,32,31,Aylik,25,2,331.0,2,0,8,4,0
11176,38,56,Aylik,100,0,275.0,1,1,7,4,0
11177,20,5,Aylik,25,0,231.0,2,1,7,3,1
11178,41,14,Aylik,200,2,611.0,0,1,5,3,1
11179,29,24,Aylik,25,0,170.0,2,0,7,6,0
11180,28,22,Aylik,200,1,571.0,2,1,10,5,1
11181,44,11,Yillik,16,0,196.0,1,2,7,7,1
11182,60,30,Aylik,50,1,328.0,2,1,4,5,1
11183,54,14,Aylik,50,0,246.0,3,1,5,9,1
11184,22,21,Iki Yillik,50,2,294.0,2,0,8,6,0
11185,29,29,Yillik,25,3,324.0,1,0,7,9,0
11186,54,15,Iki Yillik,50,1,344.0,0,0,7,9,0
11187,29,35,Aylik,16,1,263.0,1,0,6,4,0
11188,39,39,Aylik,50,0,267.0,2,0,8,5,1
11189,49,12,Yillik,25,1,260.0,2,1,6,0,0
11190,29,14,Aylik,200,2,634.0,0,1,7,2,0
11191,43,9,Aylik,16,0,211.0,1,0,5,7,1
11192,25,20,Aylik,16,0,154.0,1,0,9,2,1
11193,34,26,Iki Yillik,25,2,230.0,0,0,7,0,0
11194,46,16,Aylik,25,1,235.0,1,1,8,2,1
11195,21,25,Iki Yillik,25,0,159.0,1,0,5,3,1
11196,48,14,Iki Yillik,50,2,288.0,2,1,10,7,1
11197,42,14,Aylik,100,1,350.0,0,0,9,8,0
11198,49,26,Yillik,50,1,367.0,1,0,3,3,0
11199,45,15,Yillik,50,3,375.0,3,1,5,6,0
11200,60,20,Yillik,16,2,273.0,2,0,8,0,0
11201,44,27,Aylik,50,1,237.0,1,2,4,8,1
11202,36,25,Yillik,16,2,196.0,1,0,7,3,0
11203,44,14,Aylik,100,1,346.0,1,0,8,8,0
11204,49,42,Iki Yillik,25,3,373.0,1,1,7,2,0
11205,43,1,Aylik,25,1,244.0,4,2,8,4,1
11206,43,30,Aylik,25,0,208.0,1,1,6,0,0
11207,33,24,Yillik,100,2,446.0,0,0,3,2,0
11208,33,8,Iki Yillik,16,0,150.0,1,0,9,4,0
11209,24,22,Yillik,50,3,419.0,3,0,9,5,0
11210,65,12,Aylik,16,3,283.0,2,1,10,7,1
11211,26,29,Aylik,50,0,284.0,0,0,3,0,0
11212,33,1,Iki Yillik,100,1,390.0,1,1,8,2,0
11213,33,17,Yillik,25,0,150.0,1,0,3,0,1
11214,54,13,Iki Yillik,50,3,344.0,0,0,10,4,0
11215,38,35,Aylik,100,2,358.0,4,2,8,7,1
11216,58,3,Aylik,50,1,321.0,1,1,5,3,1
11217,33,21,Yillik,50,1,279.0,1,0,8,8,0
11218,46,30,Iki Yillik,50,2,247.0,0,1,6,5,0
11219,31,63,Aylik,50,4,428.0,1,0,8,5,0
11220,70,14,Iki Yillik,16,0,152.0,1,1,7,4,0
11221,27,26,Yillik,100,0,278.0,0,0,10,9,0
11222,46,4,Aylik,25,0,246.0,2,1,10,4,1
11223,50,20,Aylik,16,0,174.0,1,0,6,6,1
11224,47,44,Aylik,100,1,365.0,1,0,9,7,0
11225,40,63,Yillik,25,0,174.0,2,0,8,6,0
11226,40,28,Aylik,16,0,150.0,1,2,4,0,1
11227,43,5,Aylik,50,2,279.0,1,0,6,0,1
11228,40,48,Iki Yillik,100,1,420.0,0,2,10,9,0
11229,55,5,Aylik,100,2,403.0,1,0,8,5,1
11230,71,7,Aylik,200,2,611.0,0,0,9,2,1
11231,35,51,Aylik,100,1,303.0,2,0,7,8,1
11232,24,19,Aylik,16,1,169.0,3,3,6,6,1
11233,41,13,Yillik,25,0,209.0,2,1,7,1,0
11234,75,33,Aylik,100,0,343.0,0,0,6,2,0
11235,32,23,Yillik,25,1,294.0,3,1,4,7,1
11236,63,41,Yillik,50,1,327.0,1,1,5,0,0
11237,64,24,Aylik,50,5,452.0,2,1,8,4,0
11238,35,24,Aylik,25,1,249.0,0,4,6,9,0
11239,49,40,Aylik,100,1,364.0,2,0,7,0,1
11240,63,19,Aylik,50,2,397.0,0,2,7,8,0
11241,37,10,Yillik,25,5,453.0,2,1,8,6,1
11242,39,34,Yillik,200,0,526.0,0,0,9,4,0
11243,34,16,Aylik,50,4,422.0,0,1,5,5,1
11244,29,25,Aylik,16,1,266.0,0,0,8,2,0
11245,34,3,Aylik,50,0,255.0,2,0,8,2,1
11246,26,19,Yillik,100,0,385.0,1,0,9,6,0
11247,42,14,Aylik,100,0,253.0,0,1,4,6,0
11248,32,3,Aylik,100,1,391.0,1,0,7,6,1
11249,45,19,Aylik,50,2,307.0,0,0,10,1,1
11250,22,20,Yillik,25,0,249.0,3,0,7,1,0
11251,46,27,Iki Yillik,100,1,429.0,2,0,8,4,0
11252,53,43,Aylik,100,0,331.0,1,0,8,3,1
11253,18,39,Aylik,16,0,224.0,0,1,5,6,0
11254,47,14,Iki Yillik,16,1,278.0,0,3,10,2,0
11255,58,23,Aylik,200,2,613.0,4,1,8,4,1
11256,26,29,Yillik,100,2,507.0,3,1,8,1,0
11257,64,15,Aylik,100,1,374.0,1,1,4,0,1
11258,47,5,Yillik,100,0,322.0,0,1,9,8,0
11259,33,18,Aylik,50,2,355.0,3,2,8,3,0
11260,41,45,Iki Yillik,50,2,313.0,2,0,10,7,0
11261,49,5,Yillik,50,4,418.0,3,0,6,6,0
11262,43,9,Yillik,16,1,265.0,1,2,5,0,0
11263,49,11,Yillik,50,0,236.0,1,0,6,9,0
11264,30,9,Yillik,50,1,221.0,1,1,6,6,0
11265,44,33,Aylik,50,1,293.0,0,2,5,1,0
11266,24,12,Iki Yillik,50,1,256.0,2,0,9,2,0
11267,41,34,Iki Yillik,50,1,310.0,2,0,10,0,0
11268,30,21,Aylik,16,1,240.0,2,2,7,6,1
11269,32,4,Iki Yillik,25,1,284.0,2,0,6,2,0
11270,58,15,Yillik,16,0,202.0,1,0,4,5,0
11271,56,40,Yillik,16,0,209.0,1,1,8,6,0
11272,50,23,Aylik,200,3,632.0,1,0,10,2,0
11273,28,16,Aylik,16,2,289.0,1,0,6,1,1
11274,38,45,Aylik,25,1,301.0,2,0,7,8,0
11275,58,8,Aylik,50,0,211.0,0,2,8,8,0
11276,44,13,Aylik,50,0,298.0,0,1,10,6,0
11277,72,37,Aylik,16,0,151.0,2,1,7,4,0
11278,47,33,Aylik,100,1,345.0,0,0,7,3,0
11279,44,8,Iki Yillik,100,0,340.0,0,1,7,3,0
11280,38,28,Aylik,25,1,258.0,1,0,4,0,1
11281,44,12,Aylik,25,0,219.0,1,2,4,3,1
11282,40,3,Aylik,200,1,531.0,0,1,5,6,1
11283,51,16,Aylik,100,1,390.0,0,1,9,4,0
11284,54,66,Yillik,50,2,301.0,2,1,6,8,0
11285,32,40,Yillik,16,3,253.0,1,0,6,3,0
11286,25,20,Yillik,25,4,335.0,2,0,6,2,0
11287,18,5,Aylik,50,3,344.0,2,0,7,5,1
11288,49,3,Yillik,16,1,234.0,1,1,10,3,1
11289,28,21,Aylik,25,1,273.0,1,0,7,1,1
11290,18,27,Aylik,50,2,273.0,1,0,6,4,0
11291,47,33,Aylik,25,2,290.0,0,0,7,3,0
11292,74,31,Aylik,100,1,334.0,0,1,10,4,0
11293,42,33,Aylik,100,0,352.0,0,1,6,8,0
11294,53,25,Aylik,25,2,256.0,1,4,5,3,0
11295,43,44,Iki Yillik,100,0,293.0,1,3,6,5,0
11296,41,14,Aylik,16,2,288.0,5,1,7,3,1
11297,54,21,Aylik,100,0,309.0,1,0,8,0,0
11298,38,4,Aylik,16,2,249.0,1,0,9,1,0
11299,45,13,Yillik,16,3,228.0,1,1,5,5,0
11300,46,39,Aylik,50,4,448.0,1,1,5,7,0
11301,33,32,Iki Yillik,50,1,309.0,1,0,6,8,0
11302,55,2,Iki Yillik,100,1,375.0,3,2,8,3,0
11303,40,69,Aylik,25,1,179.0,1,0,5,5,0
11304,32,23,Aylik,25,0,230.0,0,0,6,2,1
11305,49,23,Aylik,50,1,257.0,1,0,6,8,0
11306,30,13,Yillik,25,2,262.0,2,0,9,7,0
11307,42,15,Aylik,25,1,313.0,0,0,8,0,0
11308,42,23,Aylik,50,1,255.0,1,1,9,1,0
11309,56,31,Aylik,100,0,356.0,0,1,10,9,0
11310,48,26,Yillik,100,1,395.0,0,0,6,8,0
11311,42,14,Aylik,200,1,579.0,0,0,5,9,1
11312,53,10,Aylik,25,1,242.0,0,2,5,2,1
11313,60,9,Yillik,50,3,383.0,0,1,4,2,0
11314,49,41,Yillik,25,1,242.0,0,2,6,9,0
11315,42,38,Iki Yillik,50,0,233.0,1,2,6,8,0
11316,25,29,Aylik,50,1,333.0,2,1,8,2,0
11317,28,41,Yillik,200,2,564.0,0,0,7,9,0
11318,38,19,Yillik,50,1,316.0,1,2,6,4,0
11319,34,36,Aylik,200,2,639.0,0,0,7,5,1
11320,40,30,Yillik,100,2,444.0,3,1,5,2,0
11321,43,37,Aylik,100,2,459.0,1,0,9,9,0
11322,49,8,Iki Yillik,100,1,372.0,0,0,6,7,0
11323,41,1,Aylik,25,0,150.0,2,2,5,1,1
11324,48,25,Yillik,25,2,275.0,1,1,9,5,0
11325,43,16,Aylik,25,0,153.0,1,0,8,1,0
11326,18,2,Iki Yillik,16,5,370.0,1,1,4,8,0
11327,30,46,Aylik,50,0,192.0,1,0,9,5,1
11328,40,38,Iki Yillik,50,0,218.0,0,1,6,8,0
11329,26,26,Iki Yillik,50,1,259.0,0,1,6,3,0
11330,50,10,Aylik,200,1,482.0,2,1,7,2,0
11331,62,4,Yillik,100,1,400.0,2,0,8,1,0
11332,58,2,Iki Yillik,16,0,248.0,1,2,8,7,0
11333,39,13,Aylik,25,2,299.0,0,3,7,3,0
11334,61,33,Aylik,25,4,360.0,0,0,6,1,0
11335,44,16,Yillik,25,1,231.0,2,0,8,8,0
11336,38,29,Aylik,100,0,315.0,1,0,7,7,1
11337,34,30,Aylik,50,0,238.0,0,1,10,4,0
11338,38,33,Aylik,50,2,324.0,3,1,8,7,0
11339,37,3,Aylik,100,1,346.0,1,1,5,4,1
11340,44,11,Aylik,100,2,479.0,0,0,6,6,1
11341,44,29,Aylik,16,1,163.0,2,0,7,4,0
11342,42,52,Iki Yillik,50,0,260.0,1,1,9,4,0
11343,48,43,Yillik,25,2,274.0,1,0,10,3,0
11344,57,25,Aylik,25,0,254.0,2,0,6,4,0
11345,54,46,Yillik,16,0,182.0,0,2,5,6,0
11346,23,25,Yillik,50,3,357.0,1,1,5,2,0
11347,18,5,Iki Yillik,25,5,404.0,0,1,7,3,0
11348,54,32,Aylik,25,2,279.0,2,0,10,7,0
11349,24,44,Aylik,50,0,195.0,1,1,8,5,0
11350,39,63,Iki Yillik,100,1,348.0,1,0,4,7,0
11351,27,13,Iki Yillik,25,2,215.0,3,0,6,1,0
11352,19,8,Yillik,16,0,150.0,0,2,6,8,1
11353,49,36,Yillik,100,0,333.0,1,0,5,6,0
11354,52,27,Aylik,16,0,181.0,2,3,6,4,1
11355,35,26,Aylik,200,3,586.0,0,0,8,6,0
11356,18,47,Aylik,50,1,275.0,0,0,8,1,0
11357,35,36,Aylik,25,2,297.0,1,1,9,3,1
11358,47,29,Iki Yillik,25,0,182.0,1,0,8,6,0
11359,23,14,Aylik,16,0,150.0,1,0,3,1,1
11360,44,34,Aylik,25,0,173.0,3,1,5,7,1
11361,42,7,Iki Yillik,16,1,196.0,0,2,7,9,0
11362,50,25,Aylik,50,4,393.0,0,0,7,9,0
11363,44,20,Iki Yillik,16,1,221.0,2,1,9,4,0
11364,29,5,Iki Yillik,50,3,451.0,1,0,7,4,0
11365,58,28,Yillik,50,1,254.0,0,1,7,7,0
11366,40,13,Aylik,25,0,176.0,0,1,7,0,0
11367,42,27,Aylik,16,3,304.0,1,1,7,5,1
11368,30,9,Aylik,16,4,326.0,0,0,7,1,0
11369,36,36,Aylik,16,2,299.0,0,1,9,0,0
11370,30,57,Aylik,50,0,152.0,0,0,7,6,1
11371,40,7,Iki Yillik,25,2,259.0,1,0,7,3,0
11372,64,9,Aylik,100,2,449.0,0,0,7,0,1
11373,24,6,Yillik,25,1,222.0,1,3,9,9,0
11374,21,17,Aylik,25,2,249.0,1,0,5,5,0
11375,61,27,Yillik,50,1,295.0,2,0,10,9,0
11376,39,33,Iki Yillik,50,1,312.0,3,0,5,5,0
11377,33,25,Aylik,25,0,195.0,0,2,6,2,0
11378,56,32,Aylik,16,0,150.0,2,1,8,5,1
11379,34,20,Yillik,50,2,341.0,0,1,9,9,0
11380,66,13,Yillik,25,3,308.0,0,1,4,8,0
11381,51,9,Yillik,25,2,304.0,2,1,5,5,0
11382,36,18,Aylik,50,2,377.0,0,0,8,0,0
11383,70,10,Aylik,50,1,189.0,1,0,10,9,0
11384,34,26,Iki Yillik,50,0,239.0,3,0,9,5,0
11385,52,10,Iki Yillik,50,0,174.0,4,2,7,7,1
11386,46,14,Aylik,50,3,455.0,3,1,2,6,1
11387,59,41,Iki Yillik,50,2,309.0,2,1,7,7,0
11388,62,44,Aylik,50,1,306.0,0,1,8,7,0
11389,42,43,Aylik,50,0,234.0,1,1,6,8,1
11390,32,20,Aylik,100,2,392.0,0,0,5,2,0
11391,48,13,Aylik,25,0,155.0,3,0,7,6,1
11392,33,29,Yillik,25,0,243.0,1,0,5,5,0
11393,68,10,Aylik,100,0,363.0,0,0,10,1,1
11394,44,34,Aylik,50,0,303.0,2,0,10,4,1
11395,37,12,Yillik,16,1,217.0,0,1,8,2,0
11396,44,17,Yillik,100,2,430.0,1,1,7,4,0
11397,24,34,Yillik,16,0,161.0,2,0,6,8,1
11398,29,4,Iki Yillik,50,0,225.0,0,1,7,7,0
11399,58,13,Aylik,100,1,339.0,0,0,10,8,0
11400,33,27,Yillik,200,0,523.0,1,1,9,8,0
11401,28,31,Yillik,16,0,150.0,0,1,7,7,0
11402,49,27,Yillik,50,4,430.0,1,0,9,7,0
11403,57,17,Aylik,25,1,238.0,0,2,8,5,0
11404,51,37,Aylik,25,0,198.0,1,2,8,5,0
11405,55,9,Iki Yillik,16,0,229.0,2,0,9,5,0
11406,32,9,Aylik,50,0,234.0,2,1,8,9,1
11407,24,26,Iki Yillik,50,0,261.0,1,0,9,5,0
11408,62,8,Yillik,16,0,242.0,0,0,7,8,0
11409,38,59,Yillik,50,2,371.0,3,2,7,9,0
11410,39,13,Yillik,50,2,365.0,0,1,6,0,0
11411,59,36,Yillik,100,1,364.0,2,0,6,9,1
11412,49,7,Aylik,100,0,338.0,0,2,4,5,1
11413,48,51,Aylik,25,2,231.0,1,0,5,7,0
11414,70,21,Yillik,200,0,537.0,0,0,5,0,0
11415,34,13,Aylik,100,1,385.0,0,0,6,5,1
11416,54,16,Aylik,25,1,233.0,0,0,10,8,0
11417,43,11,Aylik,16,1,251.0,3,0,7,5,1
11418,45,17,Iki Yillik,25,1,190.0,2,1,7,1,0
11419,62,7,Aylik,25,2,335.0,0,1,8,0,0
11420,49,13,Yillik,50,5,492.0,0,0,10,3,0
11421,49,36,Aylik,50,4,413.0,1,2,6,5,0
11422,56,24,Aylik,50,3,365.0,0,2,7,9,0
11423,37,9,Yillik,50,4,432.0,0,0,7,9,0
11424,31,18,Aylik,16,0,224.0,1,1,9,8,0
11425,28,44,Yillik,100,2,424.0,0,0,10,4,0
11426,18,14,Yillik,25,0,193.0,1,0,8,6,0
11427,69,8,Iki Yillik,200,4,701.0,1,0,9,5,0
11428,28,30,Aylik,16,1,278.0,3,1,7,5,1
11429,39,2,Iki Yillik,200,1,552.0,1,0,7,8,0
11430,38,17,Yillik,16,2,259.0,0,1,9,4,0
11431,46,47,Iki Yillik,25,1,284.0,5,2,8,1,0
11432,53,17,Aylik,16,1,221.0,2,1,6,7,0
11433,53,38,Yillik,50,0,275.0,0,0,9,2,0
11434,34,8,Iki Yillik,100,1,343.0,1,3,7,8,1
11435,40,17,Iki Yillik,25,2,270.0,0,1,6,4,0
11436,46,16,Aylik,100,0,382.0,0,0,9,0,0
11437,39,29,Aylik,50,2,301.0,2,0,7,3,0
11438,63,22,Aylik,50,2,320.0,3,0,8,8,1
11439,48,51,Aylik,100,0,339.0,2,0,8,0,0
11440,52,14,Aylik,25,3,288.0,0,0,6,7,0
11441,51,21,Aylik,25,1,218.0,1,1,8,7,0
11442,57,16,Iki Yillik,100,3,469.0,2,1,10,8,0
11443,44,20,Aylik,100,2,422.0,0,0,5,8,0
11444,25,19,Yillik,200,0,565.0,1,1,8,5,0
11445,47,10,Aylik,100,1,429.0,2,1,5,4,0
11446,34,34,Aylik,16,2,230.0,0,1,9,6,0
11447,35,12,Aylik,100,3,469.0,4,0,9,8,1
11448,50,11,Aylik,25,2,301.0,0,0,6,4,0
11449,58,5,Yillik,200,1,618.0,2,1,10,2,0
11450,42,13,Iki Yillik,50,0,260.0,0,1,9,8,0
11451,46,12,Aylik,50,2,335.0,0,0,8,9,1
11452,64,3,Aylik,50,2,348.0,1,2,8,0,0
11453,45,17,Aylik,25,2,301.0,0,0,9,0,0
11454,75,49,Iki Yillik,16,2,228.0,2,0,5,9,0
11455,49,6,Yillik,100,1,382.0,1,1,7,3,0
11456,19,20,Aylik,100,0,381.0,1,1,8,1,0
11457,52,17,Yillik,16,4,343.0,2,1,6,6,1
11458,47,31,Iki Yillik,100,0,335.0,0,0,8,1,0
11459,59,33,Aylik,50,2,317.0,2,3,9,6,0
11460,51,72,Aylik,25,2,197.0,0,1,6,7,0
11461,40,24,Iki Yillik,25,2,278.0,2,2,7,7,0
11462,26,11,Yillik,100,2,431.0,3,1,5,2,1
11463,39,13,Yillik,50,2,307.0,1,2,4,8,0
11464,31,14,Yillik,50,0,195.0,1,0,8,9,0
11465,34,12,Aylik,50,0,204.0,1,0,7,9,0
11466,50,57,Yillik,16,1,242.0,0,0,7,9,0
11467,64,32,Yillik,50,1,349.0,1,1,5,5,0
11468,47,29,Aylik,16,1,264.0,1,2,7,3,0
11469,26,8,Yillik,25,1,185.0,3,2,9,7,1
11470,48,33,Iki Yillik,50,2,355.0,1,2,7,3,0
11471,58,42,Aylik,100,0,307.0,2,2,7,3,1
11472,34,17,Aylik,25,0,167.0,1,1,7,7,1
11473,40,13,Aylik,25,2,261.0,1,0,5,3,1
11474,42,52,Yillik,50,1,305.0,4,1,8,0,1
11475,32,12,Aylik,100,3,499.0,1,1,5,5,1
11476,50,11,Yillik,50,1,277.0,2,0,5,7,0
11477,40,9,Iki Yillik,100,2,417.0,1,1,5,2,0
11478,47,19,Aylik,50,4,431.0,1,0,7,1,1
11479,30,24,Iki Yillik,100,0,350.0,2,3,6,5,0
11480,36,38,Iki Yillik,16,1,257.0,1,2,7,0,0
11481,51,30,Aylik,25,1,188.0,0,0,5,4,0
11482,37,29,Aylik,25,4,368.0,1,0,9,5,0
11483,64,46,Iki Yillik,50,0,198.0,0,0,9,7,0
11484,37,9,Iki Yillik,100,1,373.0,1,2,7,6,0
11485,45,6,Aylik,100,1,367.0,3,0,6,5,1
11486,54,30,Aylik,16,2,259.0,0,0,6,1,1
11487,24,19,Aylik,16,1,187.0,0,0,6,7,0
11488,19,38,Iki Yillik,25,2,225.0,2,1,4,7,0
11489,22,20,Aylik,25,1,159.0,0,1,5,4,0
11490,58,13,Aylik,50,2,320.0,1,1,9,2,0
11491,35,31,Iki Yillik,100,1,360.0,2,1,8,7,0
11492,75,22,Aylik,200,1,541.0,0,0,10,4,0
11493,35,20,Yillik,50,1,326.0,1,0,6,2,0
11494,44,72,Aylik,100,2,390.0,1,1,6,8,0
11495,62,44,Iki Yillik,50,1,330.0,2,0,6,8,0
11496,68,33,Aylik,25,2,334.0,2,1,6,6,0
11497,69,22,Yillik,50,1,212.0,0,2,6,7,0
11498,58,21,Yillik,50,2,328.0,2,2,8,4,0
11499,55,16,Aylik,50,1,266.0,3,2,7,4,1
11500,50,24,Aylik,25,2,176.0,0,1,6,4,1
11501,52,14,Aylik,25,0,150.0,1,0,9,1,1
11502,35,7,Aylik,25,4,395.0,1,2,10,2,1
11503,31,20,Yillik,200,3,726.0,1,0,9,7,0
11504,42,25,Yillik,25,2,309.0,0,1,8,5,0
11505,40,39,Aylik,100,0,341.0,3,0,8,8,0
11506,36,11,Yillik,100,0,329.0,0,0,10,6,0
11507,51,21,Yillik,25,1,291.0,0,0,8,5,0
11508,54,29,Iki Yillik,50,1,355.0,0,0,6,3,0
11509,43,29,Aylik,100,2,399.0,0,3,8,6,1
11510,61,55,Aylik,50,0,165.0,1,0,8,3,0
11511,27,17,Aylik,200,1,492.0,0,2,5,6,0
11512,39,10,Yillik,25,4,414.0,4,1,6,4,1
11513,33,22,Aylik,16,5,394.0,1,0,9,1,0
11514,18,17,Aylik,100,0,336.0,4,1,4,6,1
11515,41,15,Aylik,100,0,267.0,1,1,5,7,1
11516,40,13,Yillik,200,0,494.0,1,3,7,9,1
11517,62,25,Aylik,50,4,405.0,1,0,8,1,0
11518,50,12,Aylik,200,2,617.0,0,1,4,5,1
11519,29,33,Aylik,100,2,406.0,1,0,7,3,0
11520,66,32,Aylik,100,1,339.0,1,0,9,4,0
11521,58,27,Yillik,50,2,298.0,3,2,7,0,0
11522,50,9,Aylik,25,2,320.0,0,0,9,5,0
11523,39,25,Aylik,200,2,619.0,1,1,6,7,0
11524,30,40,Yillik,25,1,254.0,1,1,5,1,0
11525,37,35,Aylik,50,1,249.0,1,0,9,0,0
11526,56,32,Aylik,25,2,174.0,0,0,8,8,0
11527,66,21,Iki Yillik,50,2,307.0,0,1,5,1,0
11528,62,20,Aylik,50,1,250.0,1,0,5,7,1
11529,36,44,Aylik,16,2,273.0,1,0,10,4,0
11530,27,25,Aylik,100,4,625.0,0,0,5,1,1
11531,44,25,Aylik,25,3,347.0,1,1,9,4,1
11532,19,72,Yillik,50,0,331.0,2,0,6,8,0
11533,46,16,Yillik,16,1,235.0,1,1,7,5,0
11534,40,2,Yillik,16,3,283.0,0,0,8,2,0
11535,36,18,Aylik,25,1,245.0,0,0,3,7,0
11536,21,19,Aylik,50,3,432.0,1,2,4,0,0
11537,49,25,Iki Yillik,16,1,279.0,2,1,7,8,0
11538,35,29,Iki Yillik,100,1,355.0,2,1,6,8,0
11539,27,3,Aylik,25,2,286.0,2,2,9,3,0
11540,18,29,Aylik,25,2,227.0,4,1,4,7,1
11541,42,20,Aylik,16,1,244.0,2,0,8,2,0
11542,65,17,Aylik,16,0,225.0,1,0,4,5,0
11543,64,5,Aylik,100,0,331.0,1,1,6,9,0
11544,36,50,Aylik,100,2,397.0,0,1,5,9,1
11545,34,15,Yillik,50,1,293.0,0,0,10,7,0
11546,48,32,Yillik,16,1,230.0,1,0,4,8,1
11547,29,11,Aylik,25,1,235.0,1,2,7,7,0
11548,46,26,Aylik,50,1,286.0,1,0,4,8,0
11549,52,17,Yillik,200,3,649.0,0,0,10,3,0
11550,58,31,Aylik,25,2,312.0,2,0,8,9,0
11551,41,17,Yillik,50,1,306.0,2,0,7,0,0
11552,39,10,Aylik,25,1,198.0,0,1,10,6,0
11553,31,20,Yillik,25,2,242.0,1,0,7,9,0
11554,31,20,Aylik,25,3,314.0,2,2,7,3,0
11555,39,24,Aylik,16,1,241.0,1,1,7,0,0
11556,47,38,Aylik,100,0,335.0,0,3,8,2,0
11557,54,8,Aylik,25,0,165.0,2,1,6,6,1
11558,32,37,Aylik,50,1,289.0,1,0,7,2,1
11559,61,7,Yillik,16,1,204.0,0,0,9,0,0
11560,38,31,Aylik,200,1,596.0,2,1,8,6,0
11561,42,31,Aylik,16,2,272.0,0,0,7,7,0
11562,32,14,Aylik,100,1,364.0,1,1,4,4,1
11563,18,11,Yillik,100,0,338.0,2,0,10,5,0
11564,53,11,Iki Yillik,200,1,611.0,8,1,6,2,1
11565,52,22,Yillik,50,3,350.0,0,0,9,4,0
11566,38,33,Aylik,50,3,384.0,3,0,7,2,0
11567,43,18,Yillik,25,0,185.0,1,1,5,1,0
11568,49,2,Iki Yillik,16,2,275.0,1,1,9,6,0
11569,22,14,Iki Yillik,25,0,165.0,2,1,7,9,0
11570,35,13,Aylik,16,3,309.0,1,1,10,6,0
11571,52,29,Aylik,200,2,649.0,0,0,7,7,0
11572,26,30,Aylik,16,0,150.0,1,0,8,0,0
11573,46,23,Aylik,50,1,233.0,0,0,4,1,0
11574,24,37,Yillik,50,1,235.0,2,0,6,1,0
11575,48,38,Aylik,50,1,239.0,0,0,5,2,0
11576,42,14,Aylik,50,0,256.0,4,2,6,6,1
11577,21,10,Yillik,16,2,211.0,2,0,8,6,0
11578,57,19,Yillik,50,2,315.0,0,0,6,6,0
11579,32,23,Aylik,25,1,254.0,0,0,9,0,1
11580,31,14,Yillik,200,2,625.0,0,1,5,1,0
11581,45,72,Aylik,100,2,407.0,0,0,9,7,0
11582,57,49,Iki Yillik,200,2,617.0,1,0,9,8,0
11583,29,13,Iki Yillik,16,0,174.0,2,1,9,9,0
11584,43,9,Yillik,25,3,315.0,1,0,6,6,0
11585,48,12,Yillik,16,2,253.0,2,1,3,0,1
11586,51,39,Iki Yillik,16,0,249.0,2,0,8,3,0
11587,44,39,Aylik,25,5,441.0,2,1,7,9,1
11588,37,49,Aylik,50,2,412.0,1,1,5,7,0
11589,31,10,Yillik,25,1,215.0,1,2,6,4,1
11590,43,29,Aylik,50,2,322.0,2,2,10,0,0
11591,28,11,Aylik,100,2,373.0,1,2,5,6,1
11592,18,55,Iki Yillik,50,1,252.0,1,0,8,5,0
11593,48,10,Yillik,25,0,254.0,3,0,7,8,0
11594,54,7,Aylik,25,3,304.0,1,0,6,3,0
11595,18,8,Aylik,25,1,300.0,2,0,8,3,0
11596,29,20,Aylik,16,0,150.0,1,1,10,7,0
11597,50,32,Aylik,50,1,243.0,0,0,6,3,1
11598,69,31,Aylik,25,3,311.0,2,0,7,2,1
11599,42,9,Yillik,100,1,373.0,3,0,8,6,0
11600,33,15,Aylik,100,0,362.0,0,1,9,4,0
11601,40,14,Aylik,50,1,296.0,1,0,7,8,1
11602,60,8,Aylik,25,1,218.0,2,0,6,4,0
11603,34,14,Iki Yillik,25,0,183.0,2,0,3,8,0
11604,32,48,Aylik,100,1,364.0,1,0,6,5,0
11605,36,7,Aylik,50,0,203.0,3,0,5,5,1
11606,30,24,Aylik,25,1,201.0,1,1,8,5,0
11607,44,48,Yillik,16,1,251.0,2,1,7,6,0
11608,63,47,Yillik,16,2,196.0,3,0,6,3,0
11609,46,57,Aylik,100,2,477.0,2,2,7,3,0
11610,39,25,Aylik,25,2,265.0,1,1,5,8,1
11611,38,28,Aylik,50,1,253.0,0,1,10,6,0
11612,22,14,Aylik,25,1,258.0,1,1,9,9,0
11613,53,7,Aylik,50,1,332.0,0,0,10,5,0
11614,41,18,Aylik,100,1,414.0,1,1,8,0,1
11615,40,42,Aylik,100,3,483.0,1,0,7,6,0
11616,75,2,Aylik,25,2,316.0,0,0,10,5,0
11617,46,14,Aylik,16,3,245.0,0,2,6,3,0
11618,32,30,Yillik,25,2,259.0,1,1,5,7,0
11619,36,21,Aylik,50,3,338.0,1,0,6,6,0
11620,57,45,Aylik,50,1,323.0,2,0,8,7,0
11621,43,39,Aylik,50,2,312.0,4,1,6,8,1
11622,23,6,Iki Yillik,16,2,290.0,1,0,7,0,0
11623,54,22,Iki Yillik,50,1,299.0,1,0,4,2,0
11624,33,11,Aylik,16,1,185.0,0,1,8,1,0
11625,66,11,Aylik,100,3,444.0,0,2,4,2,1
11626,56,6,Aylik,25,2,323.0,0,1,5,1,0
11627,36,24,Aylik,50,1,253.0,1,2,9,5,0
11628,59,46,Aylik,16,1,220.0,0,1,9,8,0
11629,43,26,Yillik,25,2,250.0,1,1,8,1,0
11630,53,6,Yillik,50,0,224.0,1,3,8,3,1
11631,48,20,Iki Yillik,25,4,366.0,0,0,6,4,0
11632,31,29,Aylik,100,1,348.0,0,0,6,4,0
11633,34,19,Yillik,50,0,201.0,2,1,6,0,0
11634,55,26,Yillik,50,1,290.0,1,0,4,5,0
11635,38,12,Aylik,25,0,158.0,2,1,7,4,0
11636,37,17,Aylik,50,1,252.0,2,1,7,5,0
11637,30,16,Aylik,50,0,202.0,1,2,5,3,1
11638,48,51,Aylik,50,0,232.0,4,0,10,5,1
11639,69,9,Aylik,50,0,268.0,1,0,8,8,1
11640,28,2,Yillik,25,2,330.0,2,1,8,0,0
11641,42,49,Aylik,25,1,207.0,0,0,6,5,0
11642,60,22,Iki Yillik,25,0,263.0,2,1,7,0,0
11643,41,7,Aylik,16,0,150.0,0,2,8,6,1
11644,48,37,Iki Yillik,25,2,315.0,0,1,7,3,0
11645,28,30,Aylik,50,1,255.0,1,1,10,5,0
11646,48,56,Yillik,100,2,390.0,4,0,7,6,1
11647,40,24,Aylik,25,4,341.0,2,0,6,4,0
11648,55,72,Aylik,200,1,563.0,1,1,8,8,0
11649,57,19,Iki Yillik,50,2,345.0,0,1,5,7,0
11650,75,30,Aylik,100,1,398.0,3,0,9,2,1
11651,50,33,Yillik,50,2,292.0,2,1,5,0,1
11652,46,72,Yillik,50,0,200.0,1,1,8,9,0
11653,45,15,Aylik,16,3,273.0,2,0,6,7,0
11654,37,14,Aylik,25,2,274.0,0,2,8,3,0
11655,46,34,Yillik,16,0,163.0,0,3,9,6,0
11656,38,7,Aylik,50,1,247.0,0,1,7,3,0
11657,44,11,Yillik,25,1,242.0,0,0,5,6,0
11658,59,18,Iki Yillik,100,1,454.0,0,0,5,0,0
11659,29,55,Aylik,25,1,215.0,0,0,6,0,0
11660,57,34,Aylik,100,0,315.0,0,1,3,1,0
11661,59,22,Yillik,16,1,235.0,0,0,9,4,0
11662,40,14,Aylik,16,4,331.0,0,0,7,9,1
11663,18,69,Aylik,25,1,256.0,2,0,5,5,0
11664,34,20,Aylik,25,2,252.0,3,1,10,1,0
11665,59,11,Aylik,25,2,342.0,1,0,6,0,0
11666,42,72,Aylik,100,1,387.0,0,0,7,8,0
11667,29,7,Aylik,16,3,284.0,0,0,5,6,1
11668,35,47,Yillik,25,0,167.0,0,1,3,7,0
11669,53,21,Aylik,100,0,312.0,2,0,4,5,0
11670,49,34,Aylik,16,2,308.0,0,0,6,8,0
11671,39,30,Iki Yillik,200,2,566.0,0,0,9,7,0
11672,37,33,Yillik,200,2,587.0,0,1,8,3,0
11673,37,72,Iki Yillik,16,3,286.0,2,2,7,4,0
11674,30,72,Aylik,25,4,367.0,2,3,3,1,1
11675,63,12,Yillik,25,2,268.0,1,1,9,0,0
11676,38,29,Aylik,100,0,278.0,2,0,7,5,1
11677,58,4,Aylik,50,0,221.0,0,2,7,2,1
11678,62,36,Aylik,50,1,277.0,2,2,9,3,0
11679,55,41,Aylik,100,2,398.0,1,0,9,0,0
11680,36,2,Iki Yillik,16,0,194.0,1,0,9,5,0
11681,47,20,Aylik,100,0,362.0,0,2,7,7,0
11682,42,34,Yillik,50,0,232.0,1,1,5,9,0
11683,30,26,Yillik,50,0,243.0,2,1,9,3,0
11684,46,7,Yillik,100,2,344.0,2,1,4,9,1
11685,27,8,Aylik,50,0,220.0,2,0,10,7,0
11686,57,19,Yillik,25,0,223.0,3,0,7,9,0
11687,36,15,Aylik,25,4,353.0,0,1,5,2,0
11688,45,16,Aylik,50,1,254.0,1,1,5,6,0
11689,46,6,Iki Yillik,16,1,295.0,2,0,5,2,0
11690,39,21,Aylik,200,1,629.0,0,0,7,5,0
11691,50,55,Aylik,16,1,232.0,1,0,7,3,0
11692,36,7,Iki Yillik,50,1,320.0,3,0,5,5,0
11693,53,17,Aylik,50,2,247.0,1,1,6,6,0
11694,25,31,Yillik,16,2,233.0,2,1,4,7,1
11695,44,5,Aylik,100,3,449.0,1,0,8,5,0
11696,67,21,Aylik,100,2,412.0,2,0,7,3,1
11697,29,40,Aylik,50,1,263.0,1,1,6,8,0
11698,33,9,Aylik,25,0,150.0,4,0,5,6,0
11699,49,23,Aylik,16,2,274.0,0,1,6,8,0
11700,44,39,Yillik,25,0,207.0,0,0,6,2,0
11701,47,72,Aylik,25,1,289.0,0,1,8,4,0
11702,48,22,Iki Yillik,50,3,342.0,1,0,7,0,0
11703,50,12,Aylik,200,3,625.0,2,2,9,7,0
11704,56,4,Aylik,50,1,186.0,1,0,6,0,1
11705,47,12,Yillik,100,1,365.0,0,1,3,0,1
11706,39,6,Iki Yillik,50,0,267.0,1,1,9,6,0
11707,51,58,Aylik,50,0,214.0,1,1,5,7,0
11708,67,37,Yillik,100,0,405.0,1,0,5,2,1
11709,40,8,Iki Yillik,50,0,226.0,1,1,7,1,0
11710,29,11,Aylik,100,1,380.0,3,0,8,6,0
11711,56,22,Iki Yillik,25,1,185.0,0,1,6,9,0
11712,40,40,Aylik,16,2,270.0,2,0,6,4,1
11713,18,29,Yillik,100,1,306.0,1,0,6,0,0
11714,53,27,Iki Yillik,50,2,349.0,0,2,10,1,0
11715,35,24,Yillik,100,1,400.0,2,1,7,2,0
11716,41,8,Aylik,200,1,613.0,2,0,5,5,1
11717,46,22,Aylik,16,1,180.0,2,0,5,0,1
11718,44,20,Iki Yillik,50,0,241.0,1,0,7,7,0
11719,51,6,Aylik,25,0,207.0,2,1,7,1,1
11720,36,57,Aylik,50,0,250.0,2,0,8,4,1
11721,49,13,Yillik,100,1,345.0,1,1,7,7,0
11722,39,6,Aylik,25,1,150.0,2,1,5,4,1
11723,52,15,Aylik,50,0,247.0,2,1,6,7,0
11724,50,17,Aylik,50,2,320.0,2,0,8,5,1
11725,30,20,Aylik,16,2,241.0,0,1,5,6,0
11726,56,17,Yillik,100,2,447.0,4,1,6,7,1
11727,35,20,Yillik,50,1,278.0,1,1,8,2,1
11728,53,23,Aylik,200,0,474.0,3,1,9,4,1
11729,47,22,Iki Yillik,25,3,255.0,3,1,7,9,0
11730,66,27,Iki Yillik,16,1,176.0,4,0,6,6,1
11731,39,28,Yillik,50,0,319.0,0,0,4,8,0
11732,37,29,Aylik,16,3,331.0,0,0,8,5,0
11733,42,34,Yillik,200,0,527.0,1,2,10,9,0
11734,38,12,Aylik,16,3,299.0,0,0,10,0,0
11735,52,12,Yillik,100,2,411.0,1,0,8,7,0
11736,21,40,Yillik,50,2,366.0,1,2,7,5,0
11737,28,15,Aylik,25,1,215.0,2,1,5,0,1
11738,28,19,Iki Yillik,16,2,281.0,1,0,3,3,1
11739,54,18,Aylik,50,0,223.0,1,1,7,5,1
11740,64,72,Yillik,50,2,393.0,1,1,10,9,0
11741,41,10,Aylik,25,1,258.0,0,0,9,0,0
11742,40,10,Iki Yillik,100,0,374.0,1,0,9,9,1
11743,43,20,Aylik,25,1,212.0,2,0,7,4,1
11744,57,18,Aylik,25,4,405.0,1,1,8,2,0
11745,30,8,Aylik,50,5,449.0,2,0,2,6,1
11746,45,19,Aylik,16,3,309.0,1,0,8,7,0
11747,55,21,Aylik,200,2,667.0,4,1,6,2,1
11748,49,14,Yillik,25,1,196.0,1,1,6,9,1
11749,44,18,Aylik,16,1,223.0,1,0,6,2,1
11750,55,11,Aylik,25,1,248.0,3,0,6,2,0
11751,18,8,Aylik,50,1,298.0,1,0,6,5,0
11752,51,15,Iki Yillik,50,0,219.0,2,0,7,5,1
11753,33,9,Yillik,50,0,308.0,0,0,6,2,0
11754,18,7,Yillik,16,0,150.0,1,2,7,5,0
11755,49,3,Yillik,25,2,329.0,2,1,4,8,1
11756,60,24,Aylik,100,0,373.0,4,1,7,7,1
11757,40,15,Aylik,16,1,282.0,1,1,5,6,1
11758,54,40,Aylik,100,2,364.0,1,0,6,6,0
11759,63,15,Iki Yillik,16,1,185.0,2,0,7,7,0
11760,59,24,Iki Yillik,100,0,382.0,1,0,4,6,0
11761,63,12,Aylik,25,0,150.0,0,3,5,2,1
11762,52,20,Aylik,50,0,179.0,0,1,8,7,0
11763,43,3,Aylik,16,2,243.0,0,0,4,7,1
11764,21,15,Aylik,16,2,267.0,1,1,10,0,0
11765,39,10,Yillik,25,0,243.0,1,0,9,9,0
11766,31,38,Aylik,16,2,254.0,2,0,6,4,0
11767,70,23,Iki Yillik,25,1,211.0,0,1,6,4,0
11768,40,34,Aylik,50,0,246.0,0,0,7,0,0
11769,44,43,Iki Yillik,50,3,386.0,2,3,4,5,0
11770,49,14,Yillik,100,2,435.0,1,2,3,5,1
11771,43,22,Yillik,50,1,274.0,0,0,6,3,0
11772,64,8,Yillik,50,1,212.0,2,0,7,5,1
11773,34,26,Yillik,25,2,245.0,3,0,7,5,0
11774,45,29,Yillik,50,0,285.0,0,0,6,0,0
11775,32,25,Yillik,25,3,329.0,1,0,9,4,0
11776,25,14,Yillik,100,2,409.0,0,0,4,1,0
11777,34,61,Iki Yillik,25,0,227.0,1,0,5,6,0
11778,42,21,Yillik,16,0,150.0,1,0,8,8,0
11779,36,8,Yillik,50,5,452.0,1,2,5,8,0
11780,33,31,Iki Yillik,25,0,192.0,2,0,5,8,0
11781,24,39,Aylik,100,0,315.0,0,0,7,6,0
11782,41,8,Aylik,100,2,424.0,0,0,5,6,0
11783,22,17,Aylik,16,0,164.0,1,0,7,0,1
11784,52,6,Aylik,16,2,211.0,2,1,6,5,1
11785,43,44,Iki Yillik,50,0,241.0,1,2,5,4,0
11786,23,19,Aylik,50,1,234.0,1,1,3,7,0
11787,38,10,Yillik,25,1,238.0,2,0,7,7,0
11788,32,39,Yillik,50,0,283.0,2,2,5,3,0
11789,46,20,Aylik,50,2,315.0,0,1,7,0,0
11790,59,35,Yillik,25,1,191.0,1,0,6,5,1
11791,18,28,Iki Yillik,16,0,166.0,1,0,7,9,0
11792,43,9,Aylik,100,1,346.0,1,0,7,0,1
11793,40,13,Yillik,25,1,253.0,2,0,7,4,0
11794,51,11,Yillik,100,0,325.0,2,1,6,4,0
11795,45,8,Aylik,25,1,292.0,4,2,9,2,1
11796,32,5,Aylik,50,4,456.0,3,1,3,4,0
11797,38,68,Iki Yillik,100,4,505.0,3,0,7,5,0
11798,32,25,Aylik,100,2,445.0,0,1,9,4,1
11799,56,27,Aylik,25,0,174.0,2,4,8,0,1
11800,42,42,Aylik,25,1,234.0,1,0,5,6,0
11801,67,13,Yillik,100,0,317.0,1,0,5,2,0
11802,41,6,Yillik,25,0,214.0,1,0,5,6,1
11803,33,33,Yillik,16,1,266.0,0,0,8,4,1
11804,22,7,Aylik,100,2,448.0,0,1,6,2,1
11805,19,33,Iki Yillik,16,1,248.0,2,2,7,5,0
11806,21,5,Aylik,16,3,338.0,0,0,8,0,0
11807,45,7,Aylik,16,2,280.0,0,0,10,5,0
11808,49,12,Aylik,50,5,420.0,2,0,8,3,0
11809,21,32,Aylik,50,3,430.0,0,1,5,3,0
11810,54,56,Iki Yillik,25,2,341.0,2,1,4,4,0
11811,36,27,Iki Yillik,25,1,224.0,3,2,6,8,0
11812,44,13,Aylik,25,2,265.0,2,0,7,0,0
11813,63,37,Iki Yillik,50,1,301.0,1,2,3,2,0
11814,54,5,Yillik,16,0,190.0,1,0,6,3,0
11815,39,10,Iki Yillik,100,3,458.0,0,0,8,1,0
11816,30,22,Aylik,25,2,234.0,1,0,6,8,0
11817,18,34,Yillik,200,0,531.0,0,0,9,6,0
11818,33,18,Aylik,16,0,190.0,1,0,4,0,1
11819,39,16,Iki Yillik,100,1,400.0,1,1,8,8,0
11820,29,17,Aylik,25,0,200.0,1,0,9,5,0
11821,40,41,Yillik,16,3,296.0,1,0,9,1,0
11822,43,11,Aylik,100,0,365.0,0,1,4,0,1
11823,39,9,Aylik,100,1,377.0,2,1,8,5,1
11824,34,17,Yillik,25,2,261.0,0,0,6,6,0
11825,44,45,Iki Yillik,50,2,319.0,1,0,4,9,0
11826,48,12,Yillik,50,3,309.0,2,1,6,5,0
11827,28,17,Iki Yillik,100,1,369.0,2,1,5,6,0
11828,60,5,Aylik,25,0,212.0,1,1,9,5,0
11829,41,17,Aylik,50,1,292.0,2,1,8,7,1
11830,42,24,Aylik,50,2,378.0,0,0,5,1,0
11831,51,7,Aylik,25,0,178.0,0,1,6,8,1
11832,45,42,Yillik,100,2,437.0,0,0,6,8,0
11833,54,24,Yillik,16,1,243.0,0,0,7,8,0
11834,46,14,Yillik,16,1,297.0,1,0,9,6,0
11835,34,24,Yillik,50,3,375.0,1,0,8,8,0
11836,47,29,Yillik,50,3,333.0,0,0,7,0,0
11837,27,4,Aylik,16,2,290.0,0,0,7,2,1
11838,43,25,Aylik,25,0,253.0,0,0,4,1,1
11839,42,44,Yillik,200,0,509.0,0,0,9,0,0
11840,39,11,Aylik,25,1,262.0,2,1,6,4,1
11841,40,14,Aylik,50,2,368.0,1,0,10,0,0
11842,18,16,Aylik,50,1,316.0,1,0,7,2,1
11843,35,34,Yillik,25,2,282.0,1,1,10,5,1
11844,43,8,Aylik,200,0,496.0,0,0,8,5,1
11845,44,28,Yillik,50,4,412.0,3,0,4,2,0
11846,29,16,Yillik,25,2,294.0,3,2,6,3,1
11847,58,57,Aylik,50,3,402.0,1,0,7,6,0
11848,31,17,Yillik,50,0,247.0,1,0,5,5,0
11849,55,2,Yillik,50,2,312.0,2,0,6,1,1
11850,48,31,Yillik,100,1,394.0,1,1,4,8,1
11851,34,27,Yillik,25,3,353.0,1,1,7,5,0
11852,65,23,Aylik,25,3,336.0,0,1,7,1,0
11853,26,43,Yillik,25,0,158.0,1,0,5,6,0
11854,54,4,Aylik,16,1,209.0,4,1,10,9,1
11855,55,10,Iki Yillik,16,1,249.0,1,2,7,9,0
11856,33,20,Iki Yillik,100,1,327.0,3,1,5,3,1
11857,60,22,Yillik,50,1,207.0,3,0,4,0,1
11858,39,18,Aylik,50,3,423.0,1,1,7,9,0
11859,46,5,Aylik,50,2,343.0,2,0,7,8,1
11860,45,14,Aylik,100,1,396.0,0,2,8,9,0
11861,40,55,Aylik,50,1,242.0,1,2,7,7,0
11862,53,8,Aylik,100,1,401.0,0,0,5,4,0
11863,52,20,Aylik,25,3,332.0,3,1,10,2,0
11864,19,28,Aylik,100,0,275.0,0,2,8,3,1
11865,59,34,Iki Yillik,50,1,330.0,2,0,7,2,0
11866,20,31,Aylik,25,3,328.0,2,1,7,9,0
11867,55,13,Iki Yillik,50,1,266.0,2,0,8,7,0
11868,57,10,Iki Yillik,50,1,267.0,3,0,4,4,0
11869,28,58,Yillik,16,1,150.0,2,1,7,7,0
11870,37,36,Yillik,50,1,301.0,1,0,6,0,0
11871,28,21,Aylik,25,2,287.0,3,1,8,8,0
11872,39,48,Yillik,16,1,209.0,3,0,6,9,0
11873,38,6,Aylik,200,1,610.0,0,0,6,2,0
11874,52,2,Aylik,50,1,232.0,2,1,10,0,0
11875,59,22,Yillik,100,0,309.0,0,2,9,2,0
11876,60,23,Aylik,50,2,295.0,0,1,1,1,0
11877,35,6,Yillik,25,2,268.0,2,1,9,6,1
11878,39,35,Aylik,50,2,327.0,1,1,7,9,0
11879,20,3,Aylik,50,2,340.0,2,0,6,3,1
11880,32,26,Aylik,200,4,688.0,1,1,5,6,0
11881,55,30,Aylik,25,1,202.0,1,1,5,2,0
11882,63,22,Aylik,100,2,479.0,2,0,6,5,1
11883,26,5,Aylik,100,1,459.0,1,1,5,6,0
11884,34,43,Aylik,50,3,375.0,2,1,4,6,0
11885,42,14,Iki Yillik,200,1,539.0,1,0,5,4,0
11886,46,14,Aylik,25,3,374.0,1,1,8,5,0
11887,31,12,Yillik,200,1,514.0,2,0,7,2,0
11888,48,32,Aylik,50,1,268.0,2,1,8,3,0
11889,36,13,Iki Yillik,16,1,191.0,1,0,7,5,0
11890,42,7,Aylik,100,1,334.0,0,2,5,2,1
11891,49,38,Aylik,50,2,315.0,2,1,8,6,0
11892,42,19,Aylik,25,0,157.0,1,1,5,2,0
11893,36,39,Aylik,50,0,235.0,3,1,8,8,0
11894,41,20,Yillik,16,3,306.0,2,2,5,3,0
11895,41,11,Aylik,25,4,346.0,1,1,6,1,0
11896,37,4,Iki Yillik,100,1,362.0,1,0,6,5,0
11897,39,22,Aylik,16,1,207.0,0,1,8,8,0
11898,63,16,Aylik,25,3,351.0,0,1,7,9,0
11899,49,33,Yillik,16,0,165.0,1,1,7,9,0
11900,38,13,Aylik,25,1,261.0,1,0,10,1,1
11901,51,26,Iki Yillik,50,1,301.0,4,0,4,3,1
11902,38,20,Aylik,100,3,485.0,1,1,5,4,1
11903,57,10,Yillik,200,0,569.0,1,1,5,8,0
11904,47,13,Aylik,50,3,331.0,3,0,4,6,1
11905,41,6,Iki Yillik,25,0,171.0,1,1,6,4,0
11906,48,60,Yillik,100,2,482.0,1,0,8,5,0
11907,22,26,Aylik,100,0,321.0,2,0,6,8,1
11908,27,6,Aylik,50,1,181.0,4,2,6,3,1
11909,26,58,Aylik,50,2,318.0,0,0,4,1,0
11910,44,8,Iki Yillik,100,1,380.0,0,0,5,4,0
11911,65,12,Aylik,50,0,150.0,3,1,6,6,1
11912,71,17,Aylik,25,3,369.0,0,1,8,3,0
11913,50,20,Aylik,50,0,210.0,1,1,4,0,1
11914,49,32,Aylik,16,0,182.0,0,1,6,7,0
11915,19,3,Yillik,25,2,270.0,1,1,9,4,1
11916,35,20,Iki Yillik,25,0,150.0,1,1,6,9,0
11917,32,16,Aylik,16,0,150.0,0,1,3,1,0
11918,34,22,Iki Yillik,16,2,228.0,1,0,9,2,0
11919,40,15,Yillik,16,4,388.0,0,0,8,9,0
11920,36,14,Aylik,50,1,275.0,1,1,9,9,0
11921,18,18,Aylik,100,0,312.0,1,0,4,4,0
11922,52,56,Yillik,200,0,487.0,2,0,10,3,1
11923,28,14,Iki Yillik,25,1,274.0,0,1,6,8,0
11924,45,42,Iki Yillik,50,0,286.0,1,2,6,8,0
11925,69,22,Aylik,200,2,651.0,0,0,6,7,0
11926,30,21,Aylik,16,1,233.0,0,1,9,1,0
11927,18,23,Aylik,50,0,245.0,2,0,7,4,0
11928,38,28,Iki Yillik,100,1,332.0,2,0,8,7,0
11929,56,15,Iki Yillik,16,4,342.0,3,0,7,7,0
11930,67,40,Yillik,100,0,306.0,3,1,7,6,1
11931,26,28,Aylik,100,1,311.0,0,1,5,3,1
11932,48,7,Aylik,16,1,252.0,2,0,10,2,0
11933,36,2,Aylik,16,1,191.0,0,3,4,7,1
11934,41,55,Aylik,16,0,212.0,0,1,8,7,0
11935,75,23,Aylik,25,3,353.0,2,1,8,9,0
11936,22,6,Aylik,50,0,254.0,0,1,9,4,0
11937,45,14,Aylik,50,1,301.0,1,1,10,2,1
11938,48,36,Iki Yillik,25,2,256.0,0,0,7,4,0
11939,56,17,Yillik,100,2,485.0,0,1,8,3,0
11940,43,18,Aylik,25,1,234.0,0,0,10,7,0
11941,46,32,Aylik,16,0,181.0,3,0,7,1,1
11942,37,25,Aylik,25,3,300.0,2,0,5,7,1
11943,45,29,Yillik,50,2,292.0,0,1,6,9,0
11944,38,31,Yillik,25,2,294.0,2,1,5,5,0
11945,50,11,Yillik,25,3,330.0,0,0,8,3,0
11946,37,12,Yillik,16,3,278.0,3,1,9,2,1
11947,47,10,Aylik,100,1,325.0,1,1,7,9,0
11948,42,13,Aylik,200,3,611.0,3,0,4,4,0
11949,57,18,Aylik,25,1,274.0,4,0,9,5,0
11950,41,19,Aylik,25,2,256.0,1,0,4,0,0
11951,19,47,Yillik,50,0,223.0,1,1,4,0,0
11952,58,24,Aylik,50,1,331.0,2,1,7,9,1
11953,30,18,Aylik,25,3,283.0,2,2,7,2,0
11954,34,8,Aylik,100,1,350.0,3,0,8,1,0
11955,34,16,Iki Yillik,50,0,208.0,0,1,7,0,1
11956,60,58,Aylik,25,3,379.0,1,0,10,7,0
11957,18,57,Yillik,50,0,305.0,0,3,7,0,0
11958,75,16,Aylik,200,0,546.0,1,2,9,9,0
11959,56,4,Aylik,100,0,357.0,1,0,8,7,0
11960,45,14,Aylik,16,1,195.0,3,1,5,4,1
11961,41,48,Yillik,25,1,301.0,3,0,7,3,0
11962,46,18,Aylik,50,2,334.0,2,1,10,7,0
11963,49,32,Iki Yillik,25,1,262.0,4,0,6,7,0
11964,50,20,Aylik,50,0,231.0,1,0,6,7,0
11965,49,6,Aylik,100,1,366.0,0,2,7,2,1
11966,43,20,Iki Yillik,50,3,428.0,1,0,6,7,0
11967,39,35,Aylik,200,1,584.0,2,0,5,0,1
11968,40,13,Yillik,25,2,328.0,0,1,6,3,1
11969,39,34,Yillik,100,3,474.0,0,0,10,4,0
11970,57,21,Aylik,100,2,390.0,1,0,7,5,1
11971,50,33,Yillik,25,1,212.0,4,1,4,4,0
11972,18,25,Aylik,50,0,239.0,1,0,4,4,1
11973,51,9,Aylik,16,4,328.0,2,0,10,4,1
11974,45,16,Aylik,100,0,291.0,0,0,7,8,0
11975,42,15,Iki Yillik,50,1,322.0,1,4,8,9,0
11976,37,12,Aylik,25,2,258.0,0,1,6,9,0
11977,57,24,Yillik,50,1,285.0,2,0,8,2,0
11978,54,64,Iki Yillik,50,3,380.0,1,1,10,1,0
11979,32,40,Yillik,25,1,212.0,3,0,6,9,0
11980,47,44,Yillik,16,1,266.0,1,0,8,1,1
11981,29,11,Aylik,25,0,150.0,2,0,4,7,0
11982,24,44,Aylik,50,1,289.0,1,0,10,4,0
11983,34,53,Aylik,100,0,339.0,2,0,8,4,0
11984,53,11,Yillik,100,2,418.0,3,1,6,5,1
11985,54,27,Iki Yillik,50,1,235.0,1,3,6,8,0
11986,49,27,Iki Yillik,100,1,405.0,1,0,6,6,0
11987,51,17,Iki Yillik,25,1,259.0,2,0,6,4,0
11988,49,22,Iki Yillik,50,2,301.0,0,1,2,4,0
11989,34,28,Aylik,25,1,257.0,1,1,7,9,0
11990,48,17,Yillik,25,1,246.0,2,1,7,8,0
11991,52,39,Iki Yillik,50,1,235.0,3,1,8,8,0
11992,52,7,Aylik,16,2,231.0,0,0,6,1,1
11993,57,15,Iki Yillik,50,0,275.0,0,2,6,6,0
11994,51,32,Aylik,100,3,476.0,0,3,7,9,0
11995,47,60,Yillik,25,1,213.0,1,0,4,0,0
11996,56,40,Yillik,25,0,157.0,3,0,7,3,0
11997,42,22,Iki Yillik,100,1,357.0,0,3,3,1,1
11998,31,18,Aylik,100,1,359.0,1,0,9,9,0
11999,40,16,Yillik,25,3,293.0,1,1,8,8,1
12000,32,16,Yillik,25,2,217.0,2,1,5,5,1
