uye_no,yas,haftalik_ziyaret,uyelik_suresi_ay,aylik_ucret_tl,grup_dersi,yeniledi
1001,46.0,4,4,900,Hayır,Evet
1002,52.0,3,8,900,Evet,Evet
1003,18.0,1,15,900,Hayır,Hayır
1004,52.0,0,32,1200,Evet,Hayır
1005,38.0,3,11,900,Evet,Evet
1006,40.0,2,8,900,Hayır,Hayır
1007,45.0,2,6,900,Hayır,Hayır
1008,30.0,2,1,2400,Hayır,Hayır
1009,,3,19,1500,Hayır,Evet
1010,20.0,3,11,1200,Evet,Evet
1011,29.0,4,5,900,Evet,Evet
1011,29.0,4,5,900,Evet,Evet
1012,34.0,4,11,900,Hayır,Evet
1013,42.0,5,14,1200,Hayır,Evet
1014,35.0,4,13,900,Hayır,Evet
1015,23.0,2,3,1500,Hayır,Hayır
1016,19.0,3,4,1200,Evet,Evet
1017,18.0,3,7,900,Evet,Evet
1018,20.0,2,5,1800,Evet,Evet
1019,24.0,3,11,1800,Evet,Evet
1020,60.0,4,30,1500,Hayır,Evet
1021,26.0,1,8,1800,Hayır,Hayır
1022,46.0,0,4,1200,Evet,Hayır
1023,50.0,4,25,900,Evet,Evet
1024,28.0,3,33,2400,Hayır,Evet
1025,30.0,4,7,1200,Hayır,Evet
1026,36.0,1,4,900,Hayır,Hayır
1027,29.0,5,13,900,Hayır,Evet
1028,59.0,4,17,1200,Hayır,Evet
1029,25.0,2,4,1800,Evet,Evet
1030,56.0,2,21,1800,Evet,Hayır
1031,52.0,3,6,2400,Hayır,Hayır
1032,54.0,2,17,1500,Hayır,Evet
1033,22.0,2,8,1800,Evet,Evet
1034,34.0,1,21,1500,Hayır,Evet
1035,45.0,4,43,2400,Hayır,Evet
1036,39.0,3,17,2400,Hayır,Evet
1037,46.0,3,19,1200,Evet,Evet
1038,47.0,3,7,1200,Evet,Evet
1039,46.0,0,6,1200,Evet,Hayır
1040,20.0,3,29,1200,Hayır,Evet
1041,59.0,2,4,900,Evet,Evet
1042,41.0,2,11,1800,Hayır,Hayır
1043,56.0,3,12,1800,Evet,Evet
1044,29.0,1,13,900,Evet,Hayır
1045,33.0,4,1,1200,Evet,Evet
1046,55.0,2,2,1200,Hayır,Hayır
1047,26.0,1,13,900,Evet,Hayır
1048,20.0,1,9,900,Evet,Hayır
1049,34.0,3,33,1500,Hayır,Evet
1050,47.0,4,1,1200,Hayır,Evet
1051,23.0,2,13,1800,Evet,Evet
1052,55.0,0,7,1500,Hayır,Hayır
1053,32.0,4,16,1200,Evet,Evet
1054,27.0,1,4,1200,Hayır,Hayır
1055,41.0,4,2,1200,Hayır,Evet
1056,56.0,3,6,1800,Hayır,Hayır
1057,56.0,2,7,1200,Evet,Evet
1058,,2,13,1800,Hayır,Evet
1059,31.0,3,22,1500,Hayır,Evet
1060,18.0,4,4,1200,Evet,Evet
1061,51.0,2,6,1200,Hayır,Hayır
1062,48.0,4,48,1500,Hayır,Evet
1063,51.0,6,10,1800,Evet,Evet
1064,18.0,2,7,900,Hayır,Hayır
1065,19.0,1,8,2400,Hayır,Evet
1066,39.0,1,7,1800,Hayır,Hayır
1067,32.0,1,3,900,Hayır,Hayır
1068,36.0,2,9,900,Evet,Evet
1069,,2,13,1200,Hayır,Evet
1070,26.0,1,8,900,Evet,Hayır
1071,,3,12,2400,Hayır,Evet
1072,31.0,0,1,1200,Hayır,Hayır
1073,30.0,1,2,1200,Hayır,Hayır
1074,52.0,6,17,900,Hayır,Hayır
1075,24.0,4,30,1200,Hayır,Evet
1076,31.0,3,4,1500,Hayır,Hayır
1077,23.0,3,7,1500,Evet,Evet
1078,24.0,5,28,2400,Hayır,Evet
1079,30.0,3,7,1500,Evet,Evet
1080,48.0,3,5,1500,Evet,Evet
1081,42.0,1,17,1200,Hayır,Hayır
1082,37.0,2,8,1200,Hayır,Hayır
1083,25.0,1,22,1500,Hayır,Hayır
1084,52.0,2,2,2400,Evet,Evet
1085,52.0,2,5,1800,Evet,Evet
1086,28.0,3,16,900,Hayır,Evet
1087,20.0,2,32,900,Evet,Evet
1088,31.0,4,4,1500,Hayır,Evet
1089,24.0,1,19,1200,Hayır,Hayır
1090,52.0,2,9,1200,Hayır,Hayır
1091,40.0,5,23,900,Hayır,Evet
1092,39.0,3,18,900,Evet,Evet
1093,30.0,4,12,900,Hayır,Evet
1094,39.0,4,8,1500,Hayır,Evet
1095,59.0,5,11,1500,Hayır,Evet
1096,28.0,4,21,1200,Evet,Evet
1097,51.0,1,8,1500,Hayır,Hayır
1098,18.0,2,11,1500,Hayır,Hayır
1099,31.0,2,18,900,Hayır,Evet
1100,58.0,0,11,900,Hayır,Hayır
1101,55.0,2,20,900,Hayır,Evet
1102,21.0,1,26,900,Hayır,Hayır
1103,54.0,0,2,1500,Hayır,Hayır
1104,54.0,3,12,900,Hayır,Evet
1105,37.0,3,6,1500,Hayır,Hayır
1106,33.0,2,14,900,Evet,Evet
1107,60.0,1,25,1500,Hayır,Hayır
1108,58.0,2,6,1200,Evet,Evet
1109,47.0,2,19,1200,Hayır,Evet
1110,35.0,2,12,1800,Hayır,Evet
1111,27.0,3,21,1800,Evet,Evet
1112,58.0,2,26,1500,Evet,Evet
1113,29.0,3,17,2400,Hayır,Evet
1114,41.0,3,12,1800,Hayır,Evet
1115,47.0,3,5,900,Hayır,Hayır
1116,28.0,2,20,1200,Hayır,Evet
1117,31.0,2,11,1200,Evet,Evet
1118,49.0,3,8,1200,Hayır,Hayır
1119,26.0,2,10,1800,Hayır,Hayır
1120,46.0,3,11,1200,Hayır,Hayır
1121,58.0,0,16,1500,Hayır,Hayır
1122,47.0,0,12,2400,Evet,Hayır
1123,45.0,3,8,900,Hayır,Hayır
1124,37.0,3,6,1500,Hayır,Hayır
1125,59.0,5,16,1500,Hayır,Evet
1126,27.0,4,32,1200,Hayır,Evet
1127,33.0,3,9,2400,Hayır,Hayır
1128,45.0,3,1,900,Evet,Evet
1129,46.0,0,15,1200,Evet,Hayır
1130,22.0,4,25,1800,Hayır,Evet
1131,,2,9,1800,Evet,Evet
1132,47.0,3,13,1800,Evet,Evet
1133,54.0,3,4,1200,Hayır,Hayır
1134,45.0,3,17,1200,Hayır,Evet
1135,58.0,4,22,1200,Evet,Evet
1136,34.0,2,11,1800,Evet,Evet
1137,32.0,2,20,2400,Evet,Evet
1138,52.0,1,20,1500,Hayır,Hayır
1139,19.0,2,12,900,Evet,Evet
1140,26.0,5,9,1500,Evet,Evet
1141,26.0,2,9,1800,Hayır,Hayır
1142,34.0,4,11,1800,Hayır,Evet
1143,24.0,4,6,1200,Evet,Evet
1144,52.0,4,22,1500,Hayır,Evet
1145,54.0,4,8,1500,Evet,Evet
1146,34.0,1,18,1200,Hayır,Hayır
1147,19.0,3,6,1500,Hayır,Hayır
1148,48.0,5,27,1200,Hayır,Evet
1149,22.0,2,20,1200,Hayır,Evet
1150,44.0,3,18,1200,Hayır,Evet
1151,25.0,2,3,1200,Evet,Evet
1152,58.0,3,7,1200,Hayır,Hayır
1153,47.0,1,14,1500,Hayır,Hayır
1154,60.0,5,18,1200,Evet,Evet
1155,44.0,2,3,1500,Hayır,Hayır
1156,49.0,0,7,900,Evet,Hayır
1157,34.0,5,7,1500,Evet,Evet
1158,52.0,4,11,1200,Hayır,Evet
1159,22.0,3,10,900,Evet,Evet
1160,24.0,3,10,1200,Hayır,Hayır
1161,33.0,2,44,900,Hayır,Evet
1162,48.0,2,5,1500,Hayır,Hayır
1163,38.0,4,17,900,Evet,Evet
1164,54.0,4,18,900,Evet,Evet
1165,58.0,4,9,1200,Evet,Evet
1166,35.0,3,5,900,Hayır,Hayır
1167,36.0,2,5,1500,Evet,Evet
1168,41.0,2,29,900,Hayır,Hayır
1169,45.0,4,10,900,Hayır,Evet
1170,38.0,5,7,1200,Hayır,Evet
1171,43.0,2,13,1200,Hayır,Evet
1172,59.0,2,18,900,Hayır,Evet
1173,49.0,4,8,1500,Hayır,Evet
1174,31.0,4,1,1800,Hayır,Evet
1175,36.0,4,5,1200,Hayır,Evet
1176,35.0,1,5,1500,Hayır,Hayır
1177,24.0,2,6,900,Evet,Evet
1178,18.0,2,16,1800,Hayır,Evet
1179,52.0,3,11,900,Evet,Evet
1180,36.0,0,4,1200,Evet,Hayır
1181,,5,19,1500,Hayır,Evet
1182,45.0,3,21,900,Evet,Evet
1183,42.0,3,22,1200,Hayır,Evet
1184,58.0,1,23,1500,Hayır,Hayır
1185,44.0,3,36,1200,Evet,Evet
1186,57.0,5,13,1800,Hayır,Evet
1187,,0,11,1200,Evet,Hayır
1188,32.0,3,8,1200,Evet,Evet
1189,31.0,4,20,1800,Evet,Evet
1190,60.0,2,11,1800,Evet,Evet
1191,43.0,4,7,2400,Evet,Evet
1192,26.0,2,6,900,Hayır,Hayır
1193,53.0,4,14,1500,Evet,Evet
1194,53.0,3,7,900,Hayır,Hayır
1195,18.0,3,27,1200,Evet,Evet
1196,24.0,6,18,1500,Hayır,Evet
1197,47.0,4,17,1800,Evet,Evet
1198,35.0,5,9,900,Hayır,Evet
1199,32.0,1,12,1200,Evet,Hayır
1200,21.0,2,10,900,Hayır,Hayır
1201,26.0,4,16,1200,Evet,Evet
1201,26.0,4,16,1200,Evet,Evet
1202,54.0,4,3,1200,Hayır,Evet
1203,53.0,3,27,2400,Hayır,Evet
1204,53.0,4,14,1500,Hayır,Evet
1205,42.0,1,9,1500,Evet,Hayır
1206,24.0,3,2,900,Evet,Evet
1207,31.0,1,2,1500,Hayır,Hayır
1208,40.0,3,20,1200,Hayır,Evet
1209,60.0,2,12,1500,Evet,Evet
1210,29.0,2,12,1200,Evet,Evet
1211,41.0,3,8,1200,Evet,Evet
1212,39.0,5,3,1500,Evet,Evet
1213,39.0,1,6,1200,Evet,Hayır
1214,41.0,2,8,1500,Hayır,Hayır
1215,48.0,4,9,1800,Hayır,Evet
1216,22.0,2,14,900,Hayır,Evet
1217,60.0,5,32,900,Hayır,Evet
1218,55.0,3,6,1200,Evet,Evet
1219,51.0,3,20,900,Evet,Evet
1220,29.0,3,18,900,Evet,Evet
1221,36.0,5,28,1800,Evet,Evet
1222,37.0,4,21,900,Evet,Evet
1223,31.0,3,2,1200,Hayır,Hayır
1224,20.0,3,13,1200,Hayır,Evet
1225,49.0,0,22,1200,Hayır,Evet
1226,18.0,1,7,900,Hayır,Hayır
1227,50.0,5,10,1200,Evet,Evet
1228,26.0,4,21,1500,Evet,Evet
1229,,3,7,900,Hayır,Hayır
1230,32.0,4,3,1200,Hayır,Evet
1231,28.0,2,24,1500,Evet,Evet
1232,57.0,3,12,1200,Hayır,Evet
1233,38.0,1,6,900,Evet,Hayır
1234,56.0,3,19,900,Hayır,Evet
1235,26.0,2,10,2400,Evet,Evet
1236,38.0,2,3,900,Hayır,Hayır
1237,32.0,3,7,900,Hayır,Hayır
1238,37.0,2,6,1800,Evet,Evet
1239,18.0,4,11,900,Hayır,Evet
1240,46.0,3,11,900,Hayır,Hayır
1241,32.0,3,8,1800,Hayır,Hayır
1242,54.0,5,9,2400,Evet,Evet
1243,27.0,0,4,2400,Hayır,Hayır
1244,32.0,0,15,1500,Hayır,Hayır
1245,19.0,4,8,1500,Hayır,Evet
1246,52.0,4,8,1500,Evet,Evet
1247,40.0,6,6,1800,Evet,Evet
1248,35.0,4,21,1200,Evet,Evet
1249,57.0,4,7,1500,Hayır,Evet
1250,43.0,1,11,1500,Evet,Hayır
1251,59.0,4,9,900,Evet,Evet
1252,49.0,4,5,1800,Hayır,Evet
1253,43.0,1,14,1500,Evet,Hayır
1254,39.0,1,10,900,Evet,Hayır
1255,26.0,2,9,1800,Hayır,Evet
1256,47.0,3,3,1200,Hayır,Hayır
1257,52.0,0,15,1200,Evet,Hayır
1258,47.0,3,6,1500,Hayır,Hayır
1259,35.0,3,5,1200,Hayır,Hayır
1260,18.0,2,9,1200,Evet,Evet
1261,49.0,3,9,1800,Hayır,Hayır
1262,19.0,3,7,1800,Evet,Evet
1263,52.0,1,8,1200,Evet,Hayır
1264,24.0,3,11,1500,Evet,Evet
1265,31.0,2,3,1200,Hayır,Hayır
1266,27.0,1,12,1800,Evet,Hayır
1267,41.0,3,1,900,Hayır,Hayır
1268,26.0,5,5,1500,Evet,Evet
1269,29.0,0,12,1800,Hayır,Hayır
1270,20.0,0,22,2400,Hayır,Hayır
1271,60.0,0,3,900,Hayır,Hayır
1272,27.0,6,21,900,Evet,Evet
1273,26.0,2,3,1800,Hayır,Hayır
1274,43.0,3,21,900,Hayır,Evet
1275,24.0,1,2,1200,Hayır,Hayır
1276,56.0,1,9,1200,Evet,Evet
1277,51.0,0,13,1500,Evet,Hayır
1278,33.0,3,30,1800,Evet,Evet
1279,35.0,3,12,1200,Hayır,Evet
1280,33.0,0,21,1200,Hayır,Hayır
1281,49.0,1,13,2400,Hayır,Hayır
1282,35.0,1,3,1200,Hayır,Hayır
1283,30.0,3,15,900,Evet,Evet
1284,47.0,3,12,1500,Evet,Evet
1285,23.0,4,11,1200,Evet,Evet
1286,51.0,5,7,900,Hayır,Evet
1287,36.0,4,5,1200,Evet,Evet
1288,58.0,5,9,1200,Evet,Evet
1289,29.0,1,11,1800,Hayır,Hayır
1290,34.0,2,27,1500,Hayır,Evet
1291,55.0,4,5,2400,Evet,Evet
1292,48.0,3,16,1800,Hayır,Evet
1293,19.0,3,20,2400,Evet,Evet
1294,32.0,0,7,1500,Hayır,Hayır
1295,18.0,0,2,900,Evet,Hayır
1296,53.0,4,18,1200,Evet,Evet
1297,35.0,3,7,1200,Hayır,Hayır
1298,27.0,2,15,2400,Evet,Evet
1299,49.0,2,10,1800,Hayır,Hayır
1300,55.0,0,19,1500,Hayır,Hayır
1301,22.0,3,10,1800,Hayır,Hayır
1302,39.0,4,3,900,Hayır,Evet
1303,33.0,5,7,1200,Hayır,Evet
1304,49.0,3,12,1200,Hayır,Evet
1305,57.0,2,44,1200,Evet,Evet
1306,41.0,1,13,900,Evet,Hayır
1307,50.0,4,21,1200,Hayır,Evet
1308,31.0,5,11,1800,Evet,Evet
1309,42.0,2,6,1500,Hayır,Hayır
1310,39.0,3,7,1800,Evet,Evet
1311,49.0,3,2,1200,Evet,Evet
1312,20.0,2,7,900,Hayır,Hayır
1313,28.0,0,25,1200,Evet,Hayır
1314,19.0,2,6,2400,Evet,Evet
1315,60.0,4,11,1200,Hayır,Hayır
1316,40.0,0,10,1200,Hayır,Hayır
1317,39.0,1,5,1500,Evet,Hayır
1318,38.0,0,3,1200,Hayır,Hayır
1319,19.0,5,6,900,Hayır,Evet
1320,53.0,3,7,1200,Evet,Evet
1321,54.0,3,14,1800,Evet,Evet
1322,18.0,2,12,1500,Hayır,Evet
1323,44.0,2,2,1200,Evet,Evet
1324,41.0,2,12,900,Hayır,Evet
1325,34.0,2,7,1800,Evet,Evet
1326,39.0,2,35,1500,Evet,Evet
1327,55.0,3,7,900,Evet,Evet
1328,43.0,3,12,900,Evet,Evet
1329,39.0,5,21,900,Evet,Evet
1330,49.0,0,12,900,Evet,Evet
1331,47.0,3,19,1200,Hayır,Evet
1332,40.0,2,3,1200,Evet,Evet
1333,53.0,1,8,1800,Evet,Hayır
1334,42.0,0,7,1500,Evet,Hayır
1335,44.0,4,16,1500,Hayır,Evet
1336,39.0,1,10,1200,Hayır,Hayır
1337,43.0,1,4,1200,Evet,Hayır
1338,44.0,3,2,1800,Hayır,Hayır
1339,56.0,1,18,2400,Hayır,Hayır
1340,,3,23,900,Hayır,Evet
1341,33.0,2,28,1500,Evet,Evet
1342,41.0,4,19,900,Evet,Evet
1343,32.0,4,13,1500,Hayır,Evet
1344,46.0,1,11,1500,Evet,Hayır
1345,53.0,4,8,900,Hayır,Hayır
1346,26.0,2,13,1500,Hayır,Evet
1347,20.0,3,10,1200,Hayır,Hayır
1348,60.0,2,16,1800,Evet,Hayır
1349,39.0,4,7,1800,Hayır,Evet
1350,50.0,1,11,1200,Evet,Hayır
1351,50.0,3,17,900,Evet,Evet
1352,59.0,4,14,1500,Hayır,Hayır
1353,19.0,2,6,1800,Hayır,Hayır
1354,30.0,6,15,1200,Evet,Evet
1355,60.0,1,5,1500,Evet,Hayır
1356,37.0,3,3,1500,Evet,Evet
1357,35.0,2,3,1200,Hayır,Hayır
1358,29.0,2,7,900,Evet,Evet
1359,18.0,1,14,1200,Hayır,Hayır
1360,20.0,2,2,1200,Hayır,Hayır
1361,,3,4,1500,Hayır,Hayır
1362,18.0,1,7,1500,Hayır,Hayır
1363,24.0,4,21,1500,Evet,Evet
1364,28.0,5,16,2400,Hayır,Evet
1365,30.0,0,8,1800,Hayır,Hayır
1366,55.0,4,5,1800,Evet,Evet
1367,31.0,3,19,1200,Evet,Evet
1368,25.0,3,23,1500,Hayır,Evet
1369,34.0,6,7,1200,Hayır,Evet
1370,47.0,4,1,1200,Evet,Evet
1371,37.0,3,6,900,Evet,Evet
1372,28.0,3,26,1200,Hayır,Evet
1373,23.0,0,18,1200,Hayır,Hayır
1374,20.0,4,17,900,Hayır,Evet
1375,39.0,1,22,2400,Hayır,Hayır
1376,26.0,3,14,1200,Hayır,Evet
1377,43.0,3,22,1500,Hayır,Evet
1378,47.0,4,11,1200,Hayır,Evet
1379,34.0,6,13,1500,Hayır,Evet
1380,39.0,4,2,2400,Evet,Evet
1381,20.0,5,37,1200,Hayır,Hayır
1382,41.0,2,1,1200,Hayır,Evet
1383,25.0,3,5,2400,Hayır,Hayır
1384,37.0,4,9,2400,Hayır,Evet
1385,22.0,0,7,1500,Hayır,Hayır
1386,29.0,6,11,900,Hayır,Evet
1387,35.0,2,8,900,Hayır,Hayır
1388,38.0,1,9,900,Evet,Hayır
1389,19.0,5,1,1500,Hayır,Evet
1390,57.0,6,8,1200,Hayır,Evet
1391,36.0,2,43,1500,Evet,Hayır
1392,26.0,2,2,1500,Hayır,Hayır
1393,26.0,7,20,1500,Hayır,Hayır
1394,49.0,3,4,1200,Hayır,Hayır
1395,36.0,0,32,900,Hayır,Hayır
1396,28.0,2,2,1200,Evet,Evet
1397,37.0,6,16,1800,Hayır,Evet
1398,26.0,4,11,1500,Evet,Evet
1399,24.0,4,9,900,Hayır,Hayır
1400,31.0,4,3,1200,Hayır,Evet
1401,59.0,4,9,1200,Hayır,Evet
1402,21.0,2,11,1200,Hayır,Hayır
1403,41.0,0,6,900,Evet,Hayır
1404,58.0,3,19,2400,Evet,Hayır
1405,37.0,1,9,1800,Hayır,Hayır
1406,33.0,3,9,900,Evet,Evet
1407,41.0,5,17,1500,Hayır,Evet
1408,25.0,3,6,900,Hayır,Hayır
1409,47.0,3,9,900,Evet,Evet
1410,18.0,3,6,1200,Hayır,Hayır
1411,42.0,4,4,1800,Hayır,Evet
1412,20.0,4,8,900,Hayır,Hayır
1413,18.0,1,8,2400,Hayır,Hayır
1414,27.0,3,2,900,Hayır,Hayır
1415,48.0,5,9,900,Evet,Evet
1416,35.0,4,2,1800,Evet,Evet
1416,35.0,4,2,1800,Evet,Evet
1417,36.0,1,3,900,Evet,Hayır
1418,43.0,2,14,1200,Hayır,Evet
1419,20.0,0,5,2400,Hayır,Hayır
1420,60.0,1,10,900,Hayır,Hayır
1421,38.0,5,1,900,Evet,Evet
1422,56.0,2,17,1200,Hayır,Evet
1423,50.0,1,14,1200,Hayır,Hayır
1424,28.0,2,13,1200,Evet,Evet
1425,31.0,2,12,1200,Hayır,Evet
1426,44.0,2,5,1200,Evet,Evet
1427,54.0,2,11,900,Hayır,Hayır
1428,57.0,1,9,1200,Evet,Hayır
1429,38.0,4,7,1500,Hayır,Evet
1430,22.0,5,27,1800,Hayır,Evet
1431,60.0,2,2,900,Evet,Evet
1432,54.0,2,5,1200,Hayır,Hayır
1433,48.0,4,16,1500,Hayır,Evet
1434,35.0,0,18,2400,Hayır,Hayır
1435,23.0,2,19,900,Hayır,Evet
1436,51.0,2,9,1500,Hayır,Hayır
1437,26.0,3,28,1200,Hayır,Evet
1438,31.0,2,6,1200,Hayır,Hayır
1439,,1,15,900,Evet,Hayır
1440,44.0,3,11,1200,Evet,Evet
1441,30.0,1,17,1200,Hayır,Hayır
1442,39.0,0,12,1200,Evet,Hayır
1443,44.0,0,14,1200,Hayır,Hayır
1444,22.0,4,21,1800,Hayır,Evet
1445,29.0,0,12,1800,Hayır,Hayır
1446,50.0,3,42,2400,Hayır,Evet
1447,44.0,4,24,1200,Evet,Evet
1448,53.0,4,16,1500,Hayır,Evet
1449,49.0,2,6,1500,Hayır,Hayır
1450,38.0,2,16,900,Hayır,Evet
1451,30.0,3,13,900,Hayır,Evet
1452,34.0,2,16,1200,Hayır,Evet
1453,26.0,1,33,1200,Evet,Hayır
1454,58.0,4,5,900,Evet,Evet
1455,19.0,1,11,1200,Evet,Hayır
1456,34.0,5,4,900,Evet,Evet
1457,20.0,3,13,900,Hayır,Evet
1458,55.0,2,3,1500,Evet,Evet
1459,46.0,3,9,1500,Hayır,Hayır
1460,35.0,4,22,1800,Evet,Evet
1461,52.0,1,15,1800,Hayır,Hayır
1462,34.0,1,16,1500,Hayır,Hayır
1463,37.0,1,16,1500,Hayır,Hayır
1464,33.0,3,15,900,Evet,Evet
1465,50.0,3,4,1500,Hayır,Hayır
1466,20.0,3,11,900,Hayır,Hayır
1467,41.0,2,3,1500,Hayır,Hayır
1468,29.0,2,23,2400,Hayır,Evet
1469,59.0,4,10,1800,Hayır,Evet
1470,27.0,4,10,2400,Evet,Evet
1471,35.0,3,6,1200,Evet,Evet
1472,20.0,1,9,1200,Hayır,Hayır
1473,,4,8,1200,Hayır,Evet
1474,41.0,3,5,1500,Hayır,Hayır
1475,50.0,3,23,2400,Hayır,Evet
1476,37.0,5,12,900,Evet,Evet
1477,28.0,4,15,1200,Evet,Evet
1478,19.0,1,21,1200,Hayır,Hayır
1479,57.0,1,6,1500,Hayır,Hayır
1480,24.0,5,3,900,Evet,Evet
1481,51.0,3,21,1200,Hayır,Evet
1482,57.0,4,8,2400,Evet,Evet
1483,31.0,2,17,900,Hayır,Evet
1484,23.0,1,6,900,Hayır,Hayır
1485,47.0,3,5,1200,Hayır,Hayır
1486,34.0,5,22,1500,Hayır,Evet
1487,19.0,3,15,2400,Evet,Evet
1488,58.0,1,21,1800,Hayır,Hayır
1489,57.0,2,14,1200,Hayır,Evet
1490,22.0,2,6,1500,Hayır,Hayır
1491,49.0,3,15,900,Hayır,Evet
1492,35.0,4,5,2400,Hayır,Evet
1493,20.0,6,4,2400,Evet,Evet
1494,52.0,3,36,1200,Hayır,Evet
1495,54.0,2,19,1800,Hayır,Evet
1496,18.0,3,11,900,Hayır,Hayır
1497,22.0,3,9,900,Hayır,Hayır
1498,20.0,2,38,1500,Hayır,Evet
1499,59.0,3,24,2400,Hayır,Evet
1500,57.0,3,17,1500,Hayır,Evet
