musteri_id,yas,yillik_gelir,aylik_harcama,aylik_ziyaret
M1001,31,534,6450,2
M1002,64,201,4530,18
M1003,46,656,7810,3
M1004,21,158,2080,6
M1005,64,376,4240,16
M1006,52,472,6640,3
M1007,42,574,6850,3
M1008,42,947,9460,7
M1009,20,139,2040,7
M1010,35,467,7270,3
M1011,68,316,3800,13
M1012,28,185,1440,6
M1013,35,518,8340,2
M1014,25,154,1580,6
M1015,36,462,7560,3
M1016,40,525,8720,2
M1017,68,332,2860,13
M1018,38,651,8580,2
M1019,45,901,7930,8
M1020,30,483,7220,2
M1021,26,185,1450,4
M1022,37,1045,9450,7
M1023,69,329,4430,15
M1024,67,248,3660,13
M1025,48,1002,11480,8
M1026,22,212,1560,9
M1027,66,359,3320,15
M1028,69,384,3320,17
M1029,41,677,6390,3
M1030,65,317,4440,13
M1031,21,178,1360,6
M1032,33,480,7010,2
M1033,22,238,1330,6
M1034,23,193,780,6
M1035,28,629,7030,4
M1036,37,942,12790,8
M1037,23,155,1070,4
M1038,44,910,12380,5
M1039,27,201,2380,6
M1040,25,161,1150,7
M1041,39,737,12990,8
M1042,23,223,1650,5
M1043,70,283,4240,12
M1044,19,184,1190,8
M1045,24,203,1370,7
M1046,26,173,990,4
M1047,65,305,3080,13
M1048,37,588,6630,1
M1049,53,936,13520,9
M1050,63,384,4450,12
M1051,48,549,6180,2
M1052,43,968,9340,6
M1053,66,351,3450,13
M1054,26,158,1770,3
M1055,67,331,3440,11
M1056,70,350,4350,14
M1057,40,1089,12730,6
M1058,51,835,12160,8
M1059,50,356,7380,1
M1060,23,171,1480,6
M1061,66,400,3200,12
M1062,27,195,1310,5
M1063,24,144,1560,5
M1064,36,447,6870,1
M1065,34,545,7980,2
M1066,30,154,1820,9
M1067,28,169,1530,8
M1068,67,313,2590,13
M1069,23,169,750,4
M1070,37,417,8100,2
M1071,55,828,8620,6
M1072,50,1018,13140,10
M1073,65,354,3400,11
M1074,39,423,7420,1
M1075,41,897,14770,9
M1076,67,345,2750,11
M1077,23,174,1580,5
M1078,20,145,1670,8
M1079,23,195,1120,5
M1080,60,262,3730,14
M1081,41,359,8490,2
M1082,34,513,7370,2
M1083,24,130,1440,6
M1084,49,908,13340,8
M1085,23,189,1020,8
M1086,35,862,6960,9
M1087,47,1023,11050,9
M1088,21,264,2110,6
M1089,21,183,1190,5
M1090,27,177,2100,7
M1091,36,472,8420,1
M1092,53,952,12620,9
M1093,27,173,2520,8
M1094,43,702,6170,3
M1095,21,148,1970,8
M1096,25,157,1730,6
M1097,24,605,6830,2
M1098,53,774,13950,9
M1099,66,284,2790,13
M1100,23,224,2140,6
M1101,40,604,9020,3
M1102,23,149,1090,7
M1103,23,196,1040,4
M1104,26,549,7430,2
M1105,71,292,4300,11
M1106,40,647,6020,3
M1107,36,938,11380,6
M1108,27,219,1500,6
M1109,53,610,5620,1
M1110,41,988,10670,8
M1111,50,725,14270,8
M1112,68,330,4020,12
M1113,23,245,1550,6
M1114,70,348,3120,15
M1115,68,327,3650,14
M1116,48,1017,16110,8
M1117,52,1017,11080,7
M1118,67,315,3010,12
M1119,28,615,5630,2
M1120,33,616,6560,1
M1121,22,175,1270,7
M1122,40,462,8980,2
M1123,36,532,5030,1
M1124,39,468,7440,2
M1125,37,794,14660,10
M1126,71,227,3540,12
M1127,22,168,1450,7
M1128,46,918,12590,6
M1129,37,674,8210,2
M1130,68,315,3340,14
M1131,50,1113,12220,7
M1132,35,940,10780,8
M1133,34,472,7070,1
M1134,48,864,12740,7
M1135,63,282,2980,13
M1136,67,320,3900,9
M1137,41,509,5040,2
M1138,36,473,7050,1
M1139,32,531,5810,2
M1140,26,175,1360,6
M1141,40,738,11080,9
M1142,49,920,12770,6
M1143,46,597,6780,2
M1144,31,886,9350,6
M1145,28,635,6470,2
M1146,59,327,3110,11
M1147,46,807,10830,10
M1148,24,219,1410,8
M1149,25,182,1380,6
M1150,23,147,1310,7
M1151,68,362,4310,12
M1152,33,782,11430,6
M1153,30,724,6580,2
M1154,28,511,5590,1
M1155,65,262,4470,10
M1156,61,344,4360,14
M1157,34,464,5760,2
M1158,26,252,1050,4
M1159,39,453,6650,1
M1160,25,196,1850,6
M1161,36,392,4670,3
M1162,41,514,8850,3
M1163,24,178,1370,7
M1164,27,202,1850,4
M1165,25,246,1190,3
M1166,41,869,11240,11
M1167,62,272,3570,13
M1168,67,258,3570,14
M1169,35,645,6940,1
M1170,26,155,1290,6
M1171,54,861,11710,8
M1172,45,412,7300,2
M1173,66,291,5330,12
M1174,26,142,1580,7
M1175,25,200,1500,6
M1176,67,310,2910,13
M1177,44,868,14470,6
M1178,26,198,1200,6
M1179,69,432,3350,15
M1180,31,855,10400,8
M1181,49,588,6780,1
M1182,25,213,1960,5
M1183,66,310,4130,12
M1184,62,285,3890,13
M1185,45,786,13840,9
M1186,51,341,3320,10
M1187,65,259,3230,13
M1188,38,529,6910,1
M1189,46,748,10550,9
M1190,24,241,1690,5
M1191,23,154,1470,7
M1192,41,619,8370,4
M1193,65,348,2800,13
M1194,48,597,7280,2
M1195,71,289,3350,9
M1196,26,235,1440,3
M1197,60,317,4650,11
M1198,75,312,3820,17
M1199,25,191,1070,5
M1200,23,474,4060,1
M1201,18,131,1650,8
M1202,42,1115,12170,8
M1203,22,198,1510,7
M1204,42,574,6310,2
M1205,29,631,7280,3
M1206,36,359,5750,1
M1207,62,267,3550,10
M1208,33,1022,12440,8
M1209,24,131,880,5
M1210,43,850,11250,11
M1211,48,937,13530,8
M1212,68,248,3790,16
M1213,24,204,1020,8
M1214,20,156,1370,3
M1215,63,205,3070,11
M1216,26,188,2250,6
M1217,24,139,1530,7
M1218,66,344,4050,14
M1219,43,617,7090,5
M1220,26,176,1420,8
M1221,48,1128,11850,7
M1222,61,310,3960,10
M1223,28,703,7030,2
M1224,34,506,7700,2
M1225,24,139,1730,2
M1226,68,326,3510,12
M1227,46,879,14320,8
M1228,22,206,1410,7
M1229,39,619,7270,1
M1230,33,463,5720,2
M1231,26,158,1260,9
M1232,66,307,3370,16
M1233,60,300,3500,15
M1234,68,293,3920,8
M1235,36,455,7240,1
M1236,25,157,1110,4
M1237,25,219,2160,5
M1238,44,802,11900,8
M1239,61,341,3620,10
M1240,41,623,8570,2
M1241,66,334,3840,11
M1242,37,555,6360,2
M1243,39,529,8500,2
M1244,25,182,1120,7
M1245,41,594,6870,1
M1246,46,863,13080,7
M1247,29,542,6070,2
M1248,43,551,7440,1
M1249,70,382,3400,15
M1250,27,187,1890,9
M1251,59,833,13590,8
M1252,23,199,1920,7
M1253,43,672,11670,6
M1254,21,187,1580,6
M1255,46,808,10490,6
M1256,50,699,12770,11
M1257,24,292,1400,4
M1258,25,167,1420,7
M1259,40,563,7340,3
M1260,26,219,1390,6
M1261,47,808,14440,7
M1262,20,115,1610,8
M1263,68,274,2780,8
M1264,27,216,2010,7
M1265,25,186,1520,5
M1266,42,353,5800,2
M1267,67,241,3380,17
M1268,48,777,14390,9
M1269,64,337,3270,14
M1270,73,342,2460,12
M1271,23,162,1240,9
M1272,25,205,990,7
M1273,41,639,7010,1
M1274,41,463,7040,2
M1275,65,316,3340,16
M1276,31,608,8170,2
M1277,47,533,5570,3
M1278,21,227,1130,4
M1279,26,260,1200,7
M1280,74,328,3460,16
M1281,68,285,3780,14
M1282,22,198,1990,6
M1283,32,577,8900,2
M1284,65,359,2620,11
M1285,42,646,5810,3
M1286,54,296,2500,16
M1287,53,1186,10660,5
M1288,44,935,10350,4
M1289,35,603,7700,2
M1290,50,943,13130,9
M1291,24,196,1620,6
M1292,38,558,4950,2
M1293,45,938,11490,8
M1294,64,332,2140,11
M1295,23,205,1620,6
M1296,41,520,8130,2
M1297,21,165,1620,6
M1298,44,841,8890,7
M1299,72,369,4230,11
M1300,50,886,11510,8
