siparis_id,x_km,y_km
S50001,13.993,1.257
S50002,-1.962,1.116
S50003,0.829,4.456
S50004,5.215,-0.484
S50005,14.401,2.183
S50006,4.109,1.058
S50007,1.198,1.376
S50008,1.743,1.201
S50009,13.273,2.233
S50010,3.086,-0.83
S50011,2.131,0.363
S50012,-1.878,2.641
S50013,-0.848,3.122
S50014,0.091,4.232
S50015,-0.736,3.851
S50016,2.534,3.552
S50017,14.53,2.101
S50018,1.108,4.618
S50019,6.17,0.003
S50020,4.625,6.679
S50021,14.215,3.271
S50022,7.432,1.878
S50023,2.002,3.276
S50024,4.75,-0.452
S50025,5.432,-0.416
S50026,1.939,0.103
S50027,14.142,2.965
S50028,13.932,6.039
S50029,1.211,0.481
S50030,4.134,-0.474
S50031,13.758,0.874
S50032,5.873,-0.503
S50033,7.101,1.351
S50034,3.681,2.335
S50035,3.938,6.174
S50036,2.719,-0.736
S50037,-0.837,3.855
S50038,-2.099,1.144
S50039,15.422,1.975
S50040,-1.111,3.172
S50041,5.013,-1.055
S50042,4.124,-0.444
S50043,-2.041,1.261
S50044,4.277,1.805
S50045,1.106,2.17
S50046,0.956,4.303
S50047,14.226,2.93
S50048,1.637,1.486
S50049,4.057,1.06
S50050,3.741,2.808
S50051,13.995,2.782
S50052,15.255,2.664
S50053,12.971,3.524
S50054,-0.982,3.8
S50055,2.368,4.006
S50056,13.792,3.004
S50057,13.036,2.552
S50058,-1.12,7.266
S50059,1.885,4.104
S50060,2.88,3.776
S50061,13.932,2.908
S50062,0.978,4.306
S50063,13.942,2.283
S50064,5.784,-0.346
S50065,-0.146,7.986
S50066,7.063,1.538
S50067,2.665,2.684
S50068,-0.377,4.181
S50069,2.485,0.144
S50070,-2.18,1.403
S50071,1.3,-0.228
S50072,-1.396,2.53
S50073,2.327,3.737
S50074,-1.445,3.059
S50075,2.905,-0.783
S50076,2.938,3.395
S50077,0.852,2.327
S50078,-2.323,1.999
S50079,2.406,4.061
S50080,-1.904,2.543
S50081,5.965,0.187
S50082,14.052,-1.298
S50083,4.757,-0.872
S50084,13.921,2.66
S50085,14.126,3.032
S50086,5.221,-0.553
S50087,14.702,1.949
S50088,13.138,3.194
S50089,-1.603,3.062
S50090,2.819,-0.214
S50091,14.311,3.51
S50092,3.08,3.044
S50093,3.66,3.025
S50094,14.453,3.007
S50095,-1.456,3.172
S50096,14.685,3.028
S50097,13.988,1.64
S50098,-0.5,3.949
S50099,13.831,2.174
S50100,13.343,3.229
S50101,5.826,-0.229
S50102,13.973,2.436
S50103,7.532,2.269
S50104,13.314,3.116
S50105,12.732,3.716
S50106,-1.193,3.935
S50107,14.65,2.322
S50108,13.452,3.178
S50109,2.57,-0.349
S50110,-1.425,3.207
S50111,1.188,4.046
S50112,14.015,2.814
S50113,6.955,0.756
S50114,6.805,0.863
S50115,14.358,2.826
S50116,14.13,2.454
S50117,3.335,2.991
S50118,-2.462,1.932
S50119,0.153,4.188
S50120,6.572,0.022
S50121,2.783,1.531
S50122,14.223,1.617
S50123,14.231,2.444
S50124,1.836,0.308
S50125,13.608,2.016
S50126,5.486,-0.437
S50127,3.919,1.367
S50128,-2.335,1.296
S50129,13.505,2.788
S50130,4.065,-0.361
S50131,1.188,2.906
S50132,2.436,4.017
S50133,3.15,3.185
S50134,2.996,3.232
S50135,0.712,4.292
S50136,1.248,1.605
S50137,3.898,-0.761
S50138,13.167,2.956
S50139,14.674,0.923
S50140,0.684,4.089
S50141,-2.011,1.268
S50142,6.525,6.677
S50143,-1.597,2.135
S50144,13.67,3.391
S50145,13.791,2.707
S50146,3.584,-0.26
S50147,-0.672,3.394
S50148,3.281,1.874
S50149,4.072,0.906
S50150,1.948,0.372
S50151,13.895,2.41
S50152,13.54,2.864
S50153,1.506,3.971
S50154,-0.697,3.709
S50155,14.926,2.208
S50156,2.298,-0.372
S50157,0.289,4.146
S50158,14.36,2.91
S50159,13.363,1.969
S50160,1.386,1.698
S50161,13.657,2.513
S50162,3.852,2.793
S50163,7.02,1.288
S50164,-2.271,1.73
S50165,15.265,2.55
S50166,3.822,2.198
S50167,7.098,0.652
S50168,-2.263,0.843
S50169,7.647,7.16
S50170,4.012,2.197
S50171,1.282,3.955
S50172,4.31,-0.56
S50173,4.745,-0.959
S50174,-1.794,2.726
S50175,14.093,2.259
S50176,13.351,2.943
S50177,13.825,2.409
S50178,1.917,1.157
S50179,6.426,0.507
S50180,13.634,2.698
S50181,2.711,0.534
S50182,12.892,2.938
S50183,7.047,2.219
S50184,3.406,-0.091
S50185,4.091,2.718
S50186,14.338,2.915
S50187,13.681,2.882
S50188,7.254,2.324
S50189,1.374,1.681
S50190,14.1,1.999
S50191,3.78,3.139
S50192,-1.124,3.365
S50193,7.181,1.341
S50194,13.289,2.694
S50195,2.559,3.594
S50196,-0.925,3.657
S50197,7.028,0.834
S50198,6.471,0.195
S50199,2.96,-0.122
S50200,3.314,2.953
S50201,6.425,0.474
S50202,4.847,-0.473
S50203,13.582,2.192
S50204,14.982,2.697
S50205,1.56,1.281
S50206,13.561,2.735
S50207,2.14,3.899
S50208,3.525,2.787
S50209,13.38,3.231
S50210,13.861,2.809
S50211,3.01,3.475
S50212,7.106,1.586
S50213,4.091,1.271
S50214,13.888,2.707
S50215,3.965,1.013
S50216,1.159,1.774
S50217,2.693,3.639
S50218,3.677,-0.339
S50219,14.656,1.306
S50220,-1.545,2.387
S50221,-1.732,2.7
S50222,1.81,4.342
S50223,-0.76,3.677
S50224,1.389,4.334
S50225,3.496,2.203
S50226,4.847,-0.539
S50227,1.121,0.859
S50228,13.794,2.705
S50229,14.575,2.537
S50230,13.698,1.882
S50231,7.522,1.252
S50232,6.253,-0.083
S50233,6.879,0.66
S50234,13.63,3.313
S50235,3.614,2.998
S50236,4.454,-0.897
S50237,0.488,3.81
S50238,13.629,2.722
S50239,1.568,4.129
S50240,-1.546,2.453
S50241,3.243,-0.377
S50242,2.857,-0.653
S50243,1.526,4.214
S50244,11.579,6.406
S50245,2.015,5.497
S50246,2.828,3.286
S50247,4.412,-0.459
S50248,1.21,0.574
S50249,14.957,2.235
S50250,2.409,5.158
S50251,0.783,1.709
S50252,6.713,0.809
S50253,2.782,-0.379
S50254,-1.245,3.417
S50255,8.105,-3.81
S50256,14.258,2.862
S50257,7.281,1.613
S50258,1.106,2.195
S50259,1.905,4.577
S50260,15.102,2.953
S50261,3.126,3.033
S50262,2.149,-0.108
S50263,-1.939,3.168
S50264,14.16,3.31
S50265,2.642,-0.514
S50266,13.562,2.666
S50267,7.212,1.54
S50268,4.264,1.719
S50269,-2.079,2.019
S50270,3.893,2.08
S50271,6.616,0.427
S50272,15.052,2.756
S50273,13.601,2.154
S50274,2.797,3.452
S50275,14.241,2.21
S50276,4.713,1.765
S50277,2.928,3.576
S50278,4.788,-0.493
S50279,1.743,0.381
S50280,14.185,1.996
S50281,3.264,-0.778
S50282,1.886,4.234
S50283,13.702,2.754
S50284,-1.766,2.614
S50285,14.488,2.231
S50286,5.861,-2.696
S50287,14.029,1.354
S50288,14.438,2.254
S50289,1.185,1.663
S50290,14.033,2.638
S50291,14.18,2.097
S50292,2.853,-0.062
S50293,3.436,-0.696
S50294,7.01,0.908
S50295,13.349,2.548
S50296,14.807,2.437
S50297,13.209,2.818
S50298,14.845,3.297
S50299,7.134,0.146
S50300,11.511,1.726
S50301,4.166,-0.967
S50302,-1.837,1.882
S50303,0.675,3.946
S50304,2.59,0.252
S50305,4.142,-0.593
S50306,0.05,3.974
S50307,1.917,4.249
S50308,13.881,2.385
S50309,6.979,0.603
S50310,13.793,2.221
S50311,14.308,2.811
S50312,4.468,2.046
S50313,7.334,2.555
S50314,13.987,2.7
S50315,-0.708,3.44
S50316,13.432,3.77
S50317,13.642,2.129
S50318,1.535,2.101
S50319,14.331,2.4
S50320,2.817,3.33
S50321,14.06,3.119
S50322,7.206,2.47
S50323,6.073,0.402
S50324,1.586,0.501
S50325,2.141,4.581
S50326,1.233,2.115
S50327,14.482,2.649
S50328,4.774,0.987
S50329,0.805,4.042
S50330,1.001,4.23
S50331,1.338,4.128
S50332,5.354,0.384
S50333,7.471,1.723
S50334,14.504,2.44
S50335,14.752,2.031
S50336,4.438,1.535
S50337,-2.349,2.23
S50338,0.214,4.028
S50339,7.417,2.295
S50340,13.133,2.136
S50341,12.472,2.309
S50342,2.352,4.514
S50343,1.707,0.598
S50344,14.161,1.626
S50345,6.722,-0.094
S50346,0.393,4.411
S50347,-2.175,1.392
S50348,14.306,2.597
S50349,4.395,1.491
S50350,6.458,0.122
S50351,6.285,6.475
S50352,7.051,2.5
S50353,4.923,-0.564
S50354,14.141,2.858
S50355,0.027,4.036
S50356,-0.751,3.85
S50357,-2.221,1.741
S50358,1.595,0.63
S50359,4.601,-0.498
S50360,-2.198,2.419
S50361,1.971,0.319
S50362,0.964,1.914
S50363,1.532,0.512
S50364,12.542,1.742
S50365,3.894,2.927
S50366,13.235,3.291
S50367,3.518,3.128
S50368,15.226,3.048
S50369,3.504,-0.352
S50370,7.18,0.859
S50371,4.538,-0.619
S50372,2.834,-0.686
S50373,13.888,2.23
S50374,-2.283,2.286
S50375,6.992,1.783
S50376,7.386,1.461
S50377,3.436,-0.2
S50378,-1.2,-3.026
S50379,4.585,-0.189
S50380,13.898,2.108
S50381,1.297,5.516
S50382,-1.8,3.081
S50383,4.216,2.444
S50384,1.513,1.697
S50385,1.554,0.417
S50386,4.337,1.846
S50387,13.183,3.155
S50388,13.215,1.528
S50389,13.774,2.36
S50390,2.009,4.28
S50391,5.893,-0.438
S50392,14.534,2.515
S50393,13.77,3.726
S50394,14.18,2.064
S50395,2.516,-0.593
S50396,7.634,0.959
S50397,0.699,1.774
S50398,1.222,2.393
S50399,14.544,2.522
S50400,7.199,0.662
S50401,-0.12,7.938
S50402,13.292,1.752
S50403,1.614,0.675
S50404,14.55,2.554
S50405,-0.723,4.165
S50406,7.595,2.383
S50407,1.337,2.855
S50408,6.652,0.654
S50409,-2.29,1.455
S50410,13.047,2.974
S50411,2.769,0.148
S50412,0.101,3.358
S50413,2.596,0.028
S50414,4.076,2.111
S50415,3.028,3.596
S50416,15.491,2.382
S50417,3.554,-0.65
S50418,13.522,1.6
S50419,12.456,2.626
S50420,0.901,1.361
S50421,14.317,1.725
S50422,0.028,3.753
S50423,6.279,0.86
S50424,7.069,0.958
S50425,1.853,0.562
S50426,13.783,1.329
S50427,0.815,2.626
S50428,14.34,3.354
S50429,-0.757,6.903
S50430,6.834,0.699
S50431,14.532,3.334
S50432,0.918,2.643
S50433,4.393,1.28
S50434,4.247,-0.692
S50435,1.517,1.23
S50436,6.079,0.101
S50437,14.227,3.523
S50438,1.181,4.321
S50439,-1.628,2.381
S50440,13.004,1.263
S50441,12.539,0.82
S50442,0.951,3.992
S50443,-2.058,1.497
S50444,6.585,0.888
S50445,-0.319,3.884
S50446,6.456,-0.336
S50447,4.397,1.635
S50448,13.27,2.487
S50449,2.813,3.88
S50450,13.53,2.753
S50451,-1.835,2.604
S50452,13.821,2.78
S50453,-1.784,2.818
S50454,5.654,0.136
S50455,-2.12,2.158
S50456,0.906,4.379
S50457,3.503,2.543
S50458,3.705,-0.707
S50459,13.906,1.642
S50460,1.955,3.807
S50461,5.551,-0.096
S50462,2.864,-0.271
S50463,6.833,2.891
S50464,13.785,3.438
S50465,-0.975,3.813
S50466,5.618,-0.839
S50467,15.279,3.334
S50468,3.105,3.617
S50469,12.967,1.909
S50470,6.925,2.458
S50471,14.687,1.902
S50472,13.773,1.506
S50473,4.133,-0.488
S50474,-1.856,1.423
S50475,-0.744,3.388
S50476,4.884,-0.161
S50477,-1.07,3.185
S50478,14.2,2.38
S50479,1.127,0.951
S50480,13.862,1.136
S50481,3.478,2.482
S50482,15.153,1.699
S50483,13.976,3.21
S50484,3.618,2.879
S50485,3.869,3.362
S50486,-0.032,4.19
S50487,1.192,-1.962
S50488,1.999,0.295
S50489,5.946,-0.46
S50490,-0.875,3.368
S50491,1.661,0.987
S50492,2.738,3.502
S50493,14.426,2.479
S50494,13.851,1.989
S50495,6.136,-0.038
